{"l": [0.676593, 0.691053, 0.700908, 0.712452, 0.687148, 0.70285, 0.708722, 0.717047, 0.69353, 0.695361, 0.696069, 0.706764, 0.697067, 0.702878, 0.713134, 0.711905, 0.710627, 0.720558, 0.710006, 0.690984, 0.698914, 0.675234, 0.673215, 0.633892, 0.634043, 0.57937, 0.603301, 0.619453, 0.621918, 0.601048, 0.581606, 0.595024, 0.588858, 0.593318, 0.592725, 0.621023, 0.606269, 0.610919, 0.604789, 0.609095, 0.622351, 0.662657, 0.666701, 0.664319, 0.657519, 0.631729, 0.633683, 0.633644, 0.649977, 0.629111, 0.634583, 0.630879, 0.624808, 0.608445, 0.6097, 0.639136, 0.63648, 0.647928, 0.664175, 0.672371, 0.698734, 0.667376, 0.668331, 0.682662, 0.684099, 0.657421, 0.650329, 0.645934, 0.635349, 0.651529, 0.641821, 0.649132, 0.678878, 0.655584, 0.65801, 0.631783, 0.590364, 0.616194, 0.637511, 0.652697, 0.679648, 0.687201, 0.642107, 0.672517, 0.666113, 0.686623, 0.700172, 0.735144, 0.731269, 0.69957, 0.747756, 0.753962, 0.740042, 0.751458, 0.722248, 0.745872, 0.697738, 0.491447, 0.402731, 0.17387, 0.140736, 0.159968, 0.516459, 0.569211, 0.681653, 0.687874, 0.661839, 0.643131, 0.711653, 0.723062, 0.726508, 0.755142, 0.72532, 0.718374, 0.703283, 0.700747, 0.766364, 0.685842, 0.733708, 0.764716, 0.703921, 0.561576, 0.359042, 0.1843, 0.590631, 0.737904, 0.72206, 0.684373, 0.65552, 0.714966, 0.701423, 0.741109, 0.758558, 0.750943, 0.748154, 0.751124, 0.729903, 0.72076, 0.495015, 0.534388, 0.623961, 0.644894, 0.641611, 0.351847, 0.285374, 0.318968, 0.378658, 0.74518, 0.48422, 0.82129, 0.814179, 0.793183, 0.806299, 0.811726, 0.826246, 0.806518, 0.766104, 0.791795, 0.722604, 0.739786, 0.705778, 0.781908, 0.739161, 0.751156, 0.628866, 0.655049, 0.548729, 0.591592, 0.584191, 0.181925, 0.270391, 0.363525, 0.63176, 0.705083, 0.70816, 0.668917, 0.71774, 0.75878, 0.709571, 0.738362, 0.714453, 0.711275, 0.716421, 0.741968, 0.767958, 0.741779, 0.719079, 0.709764, 0.725103, 0.711932, 0.709466, 0.741952, 0.356086, 0.707726, 0.688562, 0.13393, 0.684321, 0.668416, 0.683472, 0.561141, 0.504944, 0.506012, 0.26117, 0.313406, 0.366848, 0.176395, 0.175138, 0.271877, 0.302463, 0.392519, 0.49746, 0.264899, 0.260085, 0.341971, 0.391285, 0.36352, 0.388602, 0.38359, 0.359607, 0.42459], "r": [0.696127, 0.71024, 0.712493, 0.722698, 0.723374, 0.722905, 0.719797, 0.722248, 0.721457, 0.720016, 0.717364, 0.709166, 0.705689, 0.698971, 0.698105, 0.699695, 0.708901, 0.712336, 0.718816, 0.713336, 0.732791, 0.715516, 0.714108, 0.701254, 0.700399, 0.693572, 0.7039, 0.693619, 0.695167, 0.7067, 0.709107, 0.720976, 0.694106, 0.695994, 0.668112, 0.661471, 0.689539, 0.668879, 0.663009, 0.621, 0.663571, 0.653763, 0.6575, 0.670578, 0.675014, 0.672046, 0.665142, 0.663605, 0.657643, 0.657967, 0.666502, 0.683241, 0.686617, 0.669877, 0.667706, 0.677527, 0.65428, 0.664544, 0.671897, 0.683006, 0.665919, 0.661033, 0.656896, 0.662439, 0.651557, 0.65759, 0.65295, 0.666261, 0.658731, 0.661082, 0.663296, 0.649332, 0.645957, 0.607526, 0.583355, 0.565497, 0.566014, 0.619429, 0.576134, 0.541173, 0.563345, 0.554184, 0.516326, 0.520898, 0.549905, 0.488914, 0.528363, 0.530983, 0.591175, 0.546676, 0.561678, 0.454585, 0.485924, 0.466115, 0.473176, 0.506305, 0.466804, 0.787388, 0.542641, 0.64615, 0.684173, 0.751966, 0.399584, 0.607436, 0.773643, 0.744086, 0.748506, 0.703134, 0.775102, 0.773581, 0.763806, 0.73491, 0.704383, 0.700806, 0.69387, 0.705998, 0.668861, 0.711087, 0.72538, 0.764352, 0.775519, 0.773443, 0.779539, 0.822879, 0.810591, 0.804234, 0.80191, 0.803327, 0.784844, 0.816667, 0.795326, 0.810599, 0.844937, 0.812924, 0.823687, 0.795041, 0.825798, 0.718997, 0.651734, 0.686748, 0.749387, 0.747052, 0.753879, 0.557416, 0.724604, 0.56133, 0.603649, 0.552408, 0.71639, 0.762952, 0.761241, 0.775413, 0.754418, 0.745396, 0.804175, 0.809288, 0.802464, 0.813905, 0.739124, 0.75091, 0.780483, 0.783329, 0.804337, 0.813737, 0.798919, 0.797284, 0.79739, 0.787524, 0.802622, 0.852084, 0.861742, 0.860569, 0.805488, 0.801025, 0.815495, 0.815257, 0.806438, 0.8046, 0.805799, 0.811621, 0.810452, 0.806397, 0.796282, 0.809772, 0.812793, 0.809436, 0.827036, 0.840155, 0.814868, 0.782668, 0.77935, 0.785852, 0.570826, 0.779227, 0.766027, 0.612333, 0.741685, 0.794736, 0.741558, 0.745481, 0.745843, 0.709127, 0.647405, 0.735871, 0.700415, 0.694091, 0.609891, 0.593156, 0.592331, 0.537326, 0.516277, 0.466179, 0.520302, 0.543358, 0.543962, 0.680241, 0.564115, 0.620193, 0.610687, 0.646286], "xl": [500.821, 500.758, 500.817, 500.836, 500.837, 500.888, 500.898, 500.887, 500.865, 500.787, 500.798, 500.81, 500.819, 500.817, 500.848, 500.834, 500.823, 500.843, 500.762, 500.783, 497.874, 489.041, 483.198, 480.243, 480.14, 474.374, 471.413, 474.406, 474.33, 462.605, 468.446, 465.581, 462.602, 465.512, 471.435, 471.456, 468.456, 471.42, 471.403, 468.444, 474.304, 477.223, 477.265, 477.265, 477.305, 474.368, 474.35, 474.373, 477.261, 471.447, 471.436, 471.46, 471.368, 468.497, 471.409, 474.347, 474.38, 474.39, 477.271, 477.311, 477.248, 477.276, 477.269, 477.257, 477.222, 474.346, 480.155, 480.315, 474.343, 459.759, 456.578, 453.643, 450.757, 444.925, 439.146, 441.95, 444.962, 444.974, 453.671, 453.717, 456.569, 456.575, 456.605, 456.614, 456.589, 456.662, 456.687, 456.695, 456.642, 456.575, 456.787, 456.719, 456.717, 456.737, 456.75, 456.73, 456.766, 386.168, 471.357, 450.817, 462.619, 500.791, 459.734, 456.618, 456.706, 456.668, 456.671, 456.684, 456.701, 456.652, 456.697, 456.742, 459.585, 459.594, 465.561, 477.283, 486.206, 506.812, 527.4, 550.901, 580.32, 624.409, 648.1, 709.788, 739.22, 783.283, 818.744, 859.851, 895.286, 924.724, 939.425, 948.179, 945.275, 948.184, 948.261, 948.267, 948.255, 951.056, 718.626, 745.142, 768.714, 795.219, 821.661, 948.167, 951.179, 907.125, 942.264, 951.14, 1045.29, 951.06, 948.275, 950.996, 951.061, 951.017, 951.067, 951.104, 951.132, 951.227, 951.167, 954.021, 957.029, 971.743, 980.622, 1001.28, 1024.78, 1051.3, 1089.41, 1118.86, 1154.26, 1189.57, 1233.71, 1248.4, 1263.27, 1286.81, 1310.24, 1327.94, 1345.51, 1351.54, 1357.36, 1363.25, 1363.24, 1360.34, 1363.25, 1369.07, 1369.13, 1371.97, 1369.12, 1369.1, 1369.11, 1369.08, 1369.08, 1369.13, 1363.24, 1369.13, 1369.1, 1354.61, 1371.97, 1372, 1369.11, 1369.12, 1363.27, 1371.98, 1369.09, 1374.94, 1372.02, 1380.9, 1324.9, 1327.8, 1330.79, 1333.86, 1348.51, 1348.55, 1351.38, 1354.24, 1354.35, 1354.32, 1360.29, 1366.15, 1360.24, 1366.19],