{"l": [0.655694, 0.644054, 0.647689, 0.664298, 0.653962, 0.63346, 0.651969, 0.634428, 0.641366, 0.630974, 0.638655, 0.63892, 0.63536, 0.654687, 0.670732, 0.646157, 0.652164, 0.658588, 0.647504, 0.66249, 0.64518, 0.656188, 0.656005, 0.673635, 0.662704, 0.657099, 0.658344, 0.659195, 0.668836, 0.65276, 0.607316, 0.606114, 0.601277, 0.612029, 0.629317, 0.623661, 0.557785, 0.635226, 0.69312, 0.663178, 0.618283, 0.645149, 0.683, 0.760344, 0.669248, 0.644255, 0.688561, 0.736642, 0.701516, 0.698476, 0.684346, 0.699168, 0.694742, 0.726333, 0.729746, 0.736112, 0.732543, 0.47884, 0.452549, 0.420824, 0.267874, 0.1793, 0.401903, 0.627553, 0.659003, 0.683637, 0.661366, 0.669537, 0.708268, 0.699999, 0.684358, 0.641999, 0.64847, 0.660273, 0.523309, 0.492201, 0.455228, 0.535514, 0.105558, 0.196922, 0.387937, 0.664505, 0.653735, 0.714189, 0.625745, 0.621109, 0.665849, 0.60576, 0.709547, 0.696676, 0.662446, 0.646872, 0.57542, 0.442175, 0.564396, 0.298103, 0.528123, 0.721451, 0.723603, 0.740623, 0.715921, 0.734317, 0.719844, 0.745548, 0.707745, 0.691382, 0, 0.62924, 0.619773, 0.427516, 0.564845, 0.637792, 0.645313, 0.640924, 0.704463, 0.666516, 0.619106, 0.553607, 0.18606, 0.20265, 0.269048, 0.269462, 0.329976, 0.310132, 0.35077, 0.318331, 0.355004, 0.346847, 0.342532, 0.304531, 0.323948, 0.321109], "r": [0.754997, 0.723452, 0.726083, 0.738448, 0.737516, 0.762146, 0.756925, 0.758563, 0.768756, 0.757465, 0.754085, 0.753525, 0.756791, 0.754307, 0.752149, 0.756037, 0.756216, 0.761809, 0.751944, 0.748938, 0.756094, 0.753221, 0.759328, 0.796726, 0.789695, 0.809695, 0.797829, 0.81482, 0.790634, 0.783233, 0.768062, 0.761586, 0.769564, 0.749039, 0.745495, 0.784182, 0.814284, 0.793325, 0.80389, 0.814957, 0.835863, 0.839131, 0.829124, 0.832502, 0.831245, 0.846777, 0.83536, 0.832717, 0.8343, 0.822214, 0.79211, 0.663353, 0.631302, 0.661246, 0.571054, 0.584929, 0.562287, 0.706725, 0.770476, 0.736358, 0.642831, 0.638688, 0.540184, 0.680103, 0.743215, 0.708602, 0.698251, 0.763516, 0.754508, 0.738472, 0.767342, 0.670499, 0.764667, 0.754359, 0.745233, 0.758244, 0.765253, 0.746861, 0.752559, 0.76656, 0.784429, 0.771957, 0.7798, 0.773843, 0.769079, 0.789666, 0.803811, 0.788821, 0.769043, 0.654795, 0.655901, 0.695521, 0.75506, 0.394783, 0.716146, 0.468603, 0.37951, 0.589539, 0.747439, 0.751036, 0.706116, 0.697383, 0.74579, 0.712957, 0.649648, 0.712376, 0, 0.694899, 0.705742, 0.515611, 0.694398, 0.716257, 0.720075, 0.759458, 0.741113, 0.746467, 0.75302, 0.785786, 0.74529, 0.705505, 0.739194, 0.743103, 0.768042, 0.76924, 0.790964, 0.778769, 0.805024, 0.799789, 0.784201, 0.789817, 0.807565, 0.783702], "xl": [371.334, 374.325, 377.21, 374.337, 374.334, 377.193, 377.189, 377.261, 377.256, 380.149, 380.128, 380.12, 380.135, 377.187, 374.302, 377.234, 377.244, 377.224, 377.217, 377.26, 380.108, 377.236, 377.198, 377.234, 380.188, 380.147, 377.248, 377.216, 371.348, 371.296, 371.304, 371.317, 371.389, 374.241, 383.076, 386.075, 391.92, 389.045, 392, 385.987, 371.316, 368.402, 365.375, 362.556, 362.443, 362.438, 362.5, 362.388, 359.482, 356.634, 359.486, 359.506, 356.618, 359.517, 359.557, 359.524, 359.512, 238.917, 256.571, 291.812, 321.266, 344.902, 356.644, 356.608, 356.587, 356.672, 359.484, 359.479, 359.621, 362.413, 362.619, 365.513, 380.203, 389.105, 406.681, 433.068, 459.713, 509.714, 606.799, 627.458, 668.691, 698.03, 756.892, 809.999, 856.995, 886.469, 904.138, 907.106, 907.021, 645.096, 668.595, 692.226, 736.197, 904.178, 809.927, 906.958, 904.093, 912.912, 907.11, 907.167, 909.961, 909.98, 909.964, 910.025, 910.002, 921.726, 926.098, 930.47, 948.167, 1162.97, 980.587, 1012.91, 1036.46, 1060.01, 1092.32, 1113.04, 1133.6, 1142.45, 1171.93, 1189.57, 1210.12, 1210.12, 1210.16, 1210.14, 1210.18, 1210.18, 1210.2, 1210.14, 1210.12, 1210.1, 1210.1, 1210.11], "xr": [291.839, 291.877, 291.876, 291.897, 291.947, 291.906, 291.883, 291.858, 291.841, 291.833, 291.79, 291.781, 291.766, 288.941, 288.972, 288.99, 291.772, 288.899, 285.991, 283.082, 277.186, 277.193, 274.352, 271.385, 271.235, 271.17, 271.226, 271.254, 271.323, 271.26, 271.282, 271.212, 271.22, 271.311, 271.36, 271.298, 271.429, 271.388, 271.4, 271.369, 271.3, 271.367, 271.387, 271.439, 271.424, 274.182, 271.431, 271.348, 271.303, 271.291, 268.43, 259.518, 250.715, 247.64, 244.814, 230.128, 238.948, 359.478, 359.469, 359.493, 344.812, 353.694, 377.201, 444.97, 500.819, 536.225, 574.444, 598.016, 612.717, 621.491, 621.539, 621.508, 621.601, 621.586, 621.578, 621.525, 621.546, 621.378, 618.562, 618.605, 621.442, 621.39, 621.408, 621.378, 621.372, 621.431, 621.582, 624.418, 627.475, 912.879, 912.967, 910.046, 912.856, 912.854, 909.953, 871.738, 907.159, 957.104, 1021.69, 1065.99, 1104.23, 1136.62, 1163.06, 1166.14, 1169.05, 1166.14, 1166.13, 1166.12, 1166.12, 960.034, 1165.95, 1166.01, 1165.98, 1165.96, 1165.93, 1165.93, 1165.93, 1165.92, 1163.13, 1163.1, 1163.08, 1163.13, 1163.13, 1163.17, 1163.16, 1163.15, 1163.1, 1163.09, 1163.13, 1163.13, 1163.12, 1166.01], "yl": [924.719, 924.639, 924.612, 924.669, 924.673, 924.682, 924.717, 924.648, 924.632, 924.633, 924.647, 924.637, 924.648, 927.49, 927.546, 927.539, 927.575, 927.554, 927.525, 927.567, 927.601, 927.596, 927.615, 927.687, 927.555, 927.555, 930.478, 930.587, 930.679, 933.579, 936.485, 939.427, 939.369, 936.443, 927.694, 927.673, 924.646, 921.747, 927.719, 921.777, 904.036, 907.058, 912.867, 927.651, 936.441, 939.417, 954.038, 957.116, 957.023, 957.082, 957.067, 957.025, 954.188, 954.176, 954.25, 954.252, 957.072, 912.95, 886.491, 886.409, 918.83, 930.51, 951.092, 954.194, 954.143, 954.162, 954.235, 954.247, 957.038, 954.156, 951.141, 942.346, 930.627, 918.806, 912.924, 895.215, 871.714, 865.807, 962.929, 842.233, 877.64, 912.964, 930.67, 954.054, 960.022, 965.836, 974.731, 977.668, 977.723, 930.589, 907.107, 898.214, 886.47, 974.837, 906.947, 980.676, 974.673, 974.626, 974.752, 974.723, 974.744, 974.671, 971.701, 965.94, 959.956, 951.141, 942.3085, 933.476, 909.962, 974.792, 886.408, 883.598, 883.507, 886.422, 898.149, 904.067, 909.949, 921.725, 927.558, 930.693, 930.542, 933.494, 930.69, 930.729, 930.712, 933.543, 933.585, 933.58, 933.54, 933.555, 933.615, 933.584], "yr": [910.063, 912.891, 910.033, 909.968, 910.023, 909.986, 909.97, 909.979, 909.974, 910.007, 909.971, 909.983, 910.011, 910.014, 910.008, 909.981, 907.173, 907.09, 909.979, 912.91, 921.742, 921.714, 921.708, 924.708, 927.567, 927.646, 927.723, 930.483, 930.493, 930.461, 927.721, 930.473, 930.473, 930.467, 927.688, 927.696, 930.562, 930.723, 933.547, 933.543, 930.611, 930.587, 927.705, 927.648, 927.6, 927.597, 927.523, 927.539, 927.579, 924.689, 921.782, 918.758, 912.936, 909.985, 906.982, 936.449, 930.503, 957.037, 954.214, 954.192, 951.066, 948.128, 954.076, 957.067, 965.914, 971.691, 965.876, 971.701, 974.618, 977.545, 977.586, 974.724, 974.796, 974.779, 974.745, 974.715, 974.728, 974.663, 974.703, 974.678, 974.628, 971.723, 968.839, 968.773, 965.905, 962.941, 959.962, 954.14, 945.264, 977.711, 977.803, 977.735, 977.64, 977.681, 974.789, 927.667, 954.21, 971.742, 962.941, 974.571, 974.832, 974.779, 977.561, 977.673, 977.729, 977.722, 977.732, 977.742, 977.673, 903.962, 974.764, 974.745, 974.702, 971.819, 971.809, 971.803, 971.744, 971.693, 971.749, 971.708, 971.7, 974.593, 974.592, 974.592, 974.602, 974.625, 974.699, 974.685, 974.602, 974.628, 974.621, 974.643]}