{"l": [0.361216, 0.396325, 0.348754, 0.369342, 0.434919, 0.4222, 0.392168, 0.411549, 0.458891, 0.46745, 0.509075, 0.497058, 0.54065, 0.538794, 0.549022, 0.537115, 0.520896, 0.539207, 0.535707, 0.561601, 0.553099, 0.5284, 0.516103, 0.520094, 0.5045, 0.482317, 0.469443, 0.442381, 0.4979, 0.439367, 0.426874, 0.319777, 0.311791, 0.302406, 0.341982, 0.408136, 0.464, 0.451397, 0.476631, 0.520503, 0.574651, 0.628989, 0.674218, 0.645264, 0.615198, 0.645504, 0.626587, 0.649557, 0.681068, 0.659551, 0.400483, 0.126645, 0.119531, 0.139054, 0.154488, 0.149552, 0.208705, 0.141781, 0.209096, 0.410947, 0.404382, 0.558679, 0.663139, 0.561912, 0.394598, 0.254518, 0.684462, 0.66422, 0.614515, 0.500306, 0.354863, 0.427927, 0.417028, 0.461378, 0.419345, 0.401226, 0.538794, 0.344958, 0.15658, 0.465584, 0.598692, 0.662756, 0.66025, 0.524457, 0.679296, 0.410202, 0.619497, 0.568514, 0.452152, 0.462407, 0.455369, 0.656246, 0.536023, 0.658277, 0.528533, 0.44767, 0.562917, 0.550698, 0.339893, 0.393837, 0.649899, 0.668667, 0.693342, 0.690391, 0.496519, 0.710156, 0.698469, 0.713665, 0.717467, 0.694901, 0.46028, 0.703653, 0.724915, 0.606073, 0.454003, 0.627165, 0.534453, 0.687969, 0.201237, 0.603971, 0.577935, 0.463554, 0.379675, 0.291413, 0.162624, 0.129149, 0.137749, 0.114016, 0.151815, 0.176418, 0.126596, 0.1545, 0.161462, 0.178098, 0.161945, 0.160416, 0.161585, 0.153943, 0.146221, 0.136969, 0.134811, 0.150973, 0.117059, 0.114344, 0.11896, 0.11778, 0.133776, 0.114047, 0.125318, 0.120747, 0.113318, 0.118455, 0.134943, 0.130903, 0.151966, 0.164383, 0.195007, 0.190386, 0.191689, 0.190681, 0.181781, 0.181682, 0.182289, 0.189869, 0.202683, 0.211884, 0.214138, 0.209365, 0.205816, 0.196052, 0.190138, 0.178563, 0.178505, 0.168566, 0.175045, 0.175872, 0.176602], "r": [0.387343, 0.350555, 0.365913, 0.390449, 0.443029, 0.339979, 0.309548, 0.389427, 0.328628, 0.348785, 0.510036, 0.576942, 0.554032, 0.524681, 0.468289, 0.436287, 0.472344, 0.465732, 0.466272, 0.564793, 0.566485, 0.510299, 0.549609, 0.535335, 0.514303, 0.505367, 0.506101, 0.510226, 0.523384, 0.477362, 0.50814, 0.488308, 0.505072, 0.503358, 0.461711, 0.559621, 0.520974, 0.54107, 0.531425, 0.534968, 0.508886, 0.5163, 0.549121, 0.527405, 0.523755, 0.480674, 0.477467, 0.480453, 0.495635, 0.367627, 0.238614, 0.614836, 0.618786, 0.656608, 0.653291, 0.667047, 0.593356, 0.461798, 0.325275, 0.471477, 0.493639, 0.666381, 0.674015, 0.674171, 0.620658, 0.503142, 0.721036, 0.657388, 0.62439, 0.615069, 0.407709, 0.635283, 0.608825, 0.640976, 0.701918, 0.645504, 0.689573, 0.685225, 0.708221, 0.707808, 0.727851, 0.733088, 0.744362, 0.735713, 0.606854, 0.624244, 0.672255, 0.639705, 0.519719, 0.665415, 0.567933, 0.744424, 0.596577, 0.598387, 0.575955, 0.646758, 0.720621, 0.561243, 0.570025, 0.50116, 0.588315, 0.699896, 0.634198, 0.627669, 0.710806, 0.61704, 0.628946, 0.705329, 0.719683, 0.724115, 0.659718, 0.755273, 0.748016, 0.737619, 0.71811, 0.761958, 0.737765, 0.748004, 0.638981, 0.743434, 0.758164, 0.741554, 0.775527, 0.769619, 0.749061, 0.713397, 0.718794, 0.708977, 0.748033, 0.758056, 0.733718, 0.746091, 0.751022, 0.75785, 0.747434, 0.762925, 0.752872, 0.734761, 0.713666, 0.71275, 0.722587, 0.715722, 0.694561, 0.706179, 0.713752, 0.718296, 0.723306, 0.713419, 0.711337, 0.728786, 0.716015, 0.708156, 0.736163, 0.741848, 0.738109, 0.762101, 0.760706, 0.764864, 0.763196, 0.763618, 0.77262, 0.768156, 0.77405, 0.768041, 0.770178, 0.768357, 0.771911, 0.75224, 0.755672, 0.755426, 0.768374, 0.775071, 0.767841, 0.778399, 0.780227, 0.76702, 0.763277], "xl": [409.594, 409.524, 406.689, 406.688, 406.653, 403.751, 400.795, 400.761, 406.613, 406.597, 406.654, 406.682, 406.709, 406.611, 406.61, 406.581, 403.758, 406.589, 406.577, 406.568, 403.758, 406.604, 406.669, 406.692, 406.704, 406.704, 409.58, 409.571, 409.541, 409.676, 412.502, 415.473, 409.511, 397.808, 386.106, 368.421, 368.362, 365.467, 359.554, 362.547, 362.589, 365.385, 365.52, 365.424, 365.437, 365.404, 365.404, 365.403, 365.422, 365.451, 365.424, 371.338, 380.203, 365.471, 362.505, 362.498, 356.663, 359.598, 368.399, 371.375, 362.565, 515.589, 553.939, 589.16, 362.616, 362.531, 365.502, 362.605, 365.58, 380.134, 633.283, 406.653, 433.13, 459.609, 471.434, 515.603, 553.854, 597.891, 627.502, 692.172, 718.624, 762.737, 806.85, 836.49, 639.126, 892.336, 636.224, 636.292, 639.162, 910.047, 907.17, 665.646, 686.2, 907.144, 906.96, 759.869, 795.144, 839.32, 877.615, 904.169, 915.835, 909.926, 909.93, 909.945, 1133.6, 907.158, 912.876, 915.841, 918.762, 921.74, 1189.63, 939.376, 951.266, 962.981, 977.725, 1004.21, 1027.72, 1054.2, 1186.58, 1098.37, 1121.97, 1145.5, 1163.05, 1166.11, 1204.3, 1210.12, 1219.03, 1216.08, 1230.68, 1230.8, 1230.73, 1233.64, 1233.66, 1233.7, 1233.66, 1233.64, 1233.68, 1233.69, 1233.66, 1233.68, 1233.72, 1233.79, 1233.66, 1224.89, 1233.65, 1230.75, 1230.69, 1216.05, 1221.93, 1216.09, 1210.2, 1201.37, 1216.06, 1213.09, 1213.12, 1213.09, 1213.11, 1213.13, 1210.19, 1210.19, 1210.19, 1210.21, 1210.2, 1210.16, 1210.18, 1210.15, 1210.16, 1210.09, 1207.21, 1210.1, 1207.22, 1207.18, 1204.28, 1204.3, 1201.37, 1198.4, 1192.54], "xr": [312.448, 312.405, 312.465, 309.544, 312.411, 303.673, 306.552, 306.571, 300.77, 297.821, 303.71, 300.73, 297.82, 294.824, 294.775, 291.944, 291.898, 291.848, 291.966, 291.924, 291.934, 291.894, 291.921, 291.915, 291.938, 291.905, 291.869, 291.835, 291.793, 291.787, 291.852, 291.911, 291.846, 291.889, 291.854, 291.92, 294.858, 291.963, 294.768, 291.912, 288.906, 288.939, 288.958, 288.88, 285.942, 280.076, 271.399, 265.42, 259.53, 253.585, 244.822, 365.45, 365.433, 365.401, 365.461, 365.397, 365.386, 362.397, 386.096, 433.159, 477.269, 365.501, 365.52, 365.467, 612.668, 627.405, 636.251, 636.241, 642.114, 639.182, 389.014, 642.024, 642.065, 642.029, 639.222, 639.217, 639.162, 633.244, 633.288, 636.29, 639.114, 639.115, 639.127, 636.282, 874.593, 639.16, 912.897, 915.828, 915.863, 645.187, 651.044, 912.938, 912.867, 709.828, 739.355, 909.911, 907.099, 904.018, 898.193, 921.762, 971.745, 1018.92, 1054.19, 1098.31, 907.159, 1163.05, 1186.56, 1192.46, 1192.57, 1195.41, 927.727, 1195.47, 1198.36, 1195.48, 1192.61, 1192.59, 1192.52, 1195.41, 1192.46, 1192.48, 1192.46, 1189.66, 1189.65, 1189.62, 1192.45, 1192.56, 1192.58, 1192.58, 1192.56, 1192.54, 1192.56, 1192.57, 1192.58, 1192.54, 1192.56, 1192.54, 1192.55, 1192.55, 1192.58, 1192.56, 1192.57, 1192.57, 1192.57, 1192.55, 1192.55, 1192.54, 1192.59, 1192.5, 1192.51, 1192.48, 1192.53, 1192.51, 1192.48, 1192.46, 1189.69, 1189.68, 1189.7, 1192.46, 1192.47, 1192.5, 1192.51, 1192.49, 1192.5, 1192.46, 1189.71, 1192.47, 1192.48, 1189.69, 1189.67, 1189.67, 1189.65, 1189.63, 1189.63, 1189.68, 1189.62, 1189.63, 1189.58],