{"l": [0.672891, 0.673796, 0.678289, 0.66786, 0.668118, 0.653441, 0.646122, 0.628521, 0.639112, 0.638495, 0.63865, 0.628902, 0.623761, 0.643236, 0.637974, 0.652463, 0.649389, 0.624785, 0.62476, 0.612048, 0.612048, 0.620685, 0.606102, 0.628665, 0.639309, 0.602044, 0.576399, 0.598225, 0.596239, 0.588765, 0.573923, 0.572772, 0.548945, 0.551355, 0.612828, 0.59021, 0.613969, 0.588931, 0.573526, 0.482491, 0.489549, 0.44217, 0.493438, 0.558862, 0.587163, 0.606964, 0.665919, 0.65844, 0.718471, 0.65164, 0.646088, 0.643416, 0.653001, 0.621781, 0.620433, 0.628601, 0.650809, 0.606084, 0.477534, 0.461252, 0.320445, 0.226408, 0.29156, 0.521509, 0.646865, 0.64593, 0.644765, 0.642958, 0.632188, 0.633913, 0.644118, 0.665234, 0.652421, 0.595517, 0.479221, 0.353798, 0.46485, 0.409811, 0.280638, 0.236159, 0.368283, 0.579861, 0.708494, 0.610152, 0.597562, 0.649345, 0.605933, 0.682368, 0.450095, 0.543487, 0.564754, 0.600052, 0.654503, 0.563756, 0.645709, 0.579095, 0.573373, 0.502477, 0.234285, 0.612218, 0.547318, 0.767607, 0.732744, 0.74565, 0.742644, 0.753506, 0.727145, 0.719854, 0.591709, 0.607815, 0.638984, 0.637026, 0.573885, 0.585038, 0.577013, 0.575631, 0.302324, 0.204435, 0.49098, 0.623127, 0.608344, 0.611277, 0.688489, 0.649033, 0.663668, 0.659939, 0.647254, 0.54301, 0.500126, 0.512215, 0.65723, 0.669457, 0.687247, 0.696135, 0.686796, 0.695245, 0.704413, 0.699115, 0.689649, 0.687446, 0.706809, 0.657205, 0.70349, 0.719004, 0.712182, 0.71333, 0.701156, 0.680106, 0.724155, 0.736639, 0.735926, 0.751577, 0.756737, 0.749322, 0.746179, 0.73569, 0.751071, 0.755338, 0.762977, 0.764079, 0.767597, 0.778976], "r": [0.708208, 0.698276, 0.698132, 0.697248, 0.69473, 0.703342, 0.70816, 0.694728, 0.698423, 0.707761, 0.721091, 0.721452, 0.719684, 0.708829, 0.7035, 0.710248, 0.710261, 0.724377, 0.722021, 0.726913, 0.725695, 0.750673, 0.751618, 0.758385, 0.780471, 0.780567, 0.768152, 0.782394, 0.765152, 0.788012, 0.752671, 0.734506, 0.738479, 0.770164, 0.778404, 0.780682, 0.775086, 0.795018, 0.749558, 0.775563, 0.760741, 0.755903, 0.779246, 0.771828, 0.759354, 0.754719, 0.758387, 0.762158, 0.754255, 0.781206, 0.769807, 0.74004, 0.726342, 0.713841, 0.612424, 0.568423, 0.569819, 0.503074, 0.449903, 0.651692, 0.433947, 0.502476, 0.589764, 0.489901, 0.607232, 0.731064, 0.682434, 0.683715, 0.781118, 0.783733, 0.795246, 0.82737, 0.800048, 0.803097, 0.823876, 0.819402, 0.823529, 0.822806, 0.802605, 0.820016, 0.818403, 0.826674, 0.817878, 0.807909, 0.799169, 0.795147, 0.770153, 0.745714, 0.749529, 0.766207, 0.745184, 0.728556, 0.694755, 0.512072, 0.612628, 0.707497, 0.752784, 0.689394, 0.720122, 0.464952, 0.760254, 0.804144, 0.720102, 0.753244, 0.780204, 0.680304, 0.659116, 0.702116, 0.619984, 0.710386, 0.730113, 0.737443, 0.743605, 0.758486, 0.761521, 0.795982, 0.836892, 0.781333, 0.792828, 0.778856, 0.797554, 0.789143, 0.767481, 0.781217, 0.747244, 0.733553, 0.760098, 0.775519, 0.617322, 0.699171, 0.778458, 0.818602, 0.808161, 0.808519, 0.753937, 0.785466, 0.803873, 0.814928, 0.809443, 0.724384, 0.732746, 0.701262, 0.749761, 0.789126, 0.793889, 0.770903, 0.77819, 0.750766, 0.746027, 0.754622, 0.751051, 0.758782, 0.73315, 0.738559, 0.733743, 0.739538, 0.73712, 0.707027, 0.696996, 0.704029, 0.709406, 0.716842], "xl": [383.09, 383.064, 383.092, 383.081, 383.069, 383.019, 380.201, 380.17, 380.196, 377.21, 377.268, 377.215, 377.175, 380.189, 380.208, 383.049, 383.06, 380.134, 380.147, 380.186, 377.204, 380.118, 374.331, 377.253, 380.115, 374.313, 371.39, 374.24, 368.417, 371.352, 371.367, 377.211, 380.136, 383.045, 383.119, 383.085, 388.939, 386.149, 388.977, 377.256, 365.423, 359.527, 347.817, 341.927, 341.882, 341.859, 338.955, 338.9, 336.062, 338.879, 338.953, 338.892, 336.063, 336.004, 336.025, 335.942, 336.022, 335.977, 333.091, 224.161, 330.172, 294.875, 321.306, 339.025, 336.034, 335.94, 335.986, 335.939, 333.118, 335.908, 335.914, 336.024, 339.01, 347.776, 368.501, 397.841, 409.629, 453.781, 509.681, 548.003, 600.902, 633.282, 668.57, 712.777, 751.002, 774.571, 792.295, 806.888, 806.925, 804.004, 803.987, 806.897, 583.213, 603.874, 806.919, 668.586, 706.859, 756.867, 789.173, 806.998, 901.043, 806.977, 806.898, 806.963, 806.969, 806.958, 809.776, 812.776, 824.606, 833.301, 857.057, 883.441, 907.055, 930.655, 968.793, 1004.12, 1042.41, 1089.48, 1119.04, 1163.12, 1189.62, 1213.12, 1233.74, 1242.51, 1242.56, 1242.59, 1245.46, 1239.68, 1068.84, 1239.63, 1245.48, 1242.6, 1242.52, 1242.59, 1245.45, 1245.48, 1245.49, 1245.51, 1245.5, 1245.51, 1245.54, 1242.58, 1245.53, 1245.49, 1242.58, 1245.45, 1242.59, 1242.6, 1245.52, 1245.52, 1248.4, 1251.31, 1251.3, 1248.46, 1251.31, 1251.3, 1248.44, 1248.47, 1251.31, 1251.33, 1248.47, 1251.31], "xr": [277.151, 277.207, 277.216, 277.163, 280.069, 280.099, 277.228, 280.092, 280.145, 277.229, 280.092, 277.241, 280.091, 280.092, 277.243, 280.161, 280.08, 280.106, 277.236, 280.088, 277.211, 277.138, 277.175, 277.165, 277.128, 274.247, 274.283, 271.433, 274.222, 274.25, 274.346, 277.127, 274.325, 274.219, 274.199, 274.257, 274.201, 274.232, 274.325, 277.162, 274.285, 274.27, 274.291, 277.239, 277.14, 277.127, 277.163, 277.167, 277.206, 274.326, 274.273, 274.212, 271.301, 268.254, 247.756, 227.155, 221.193, 221.17, 221.323, 336.037, 250.733, 318.39, 341.858, 374.325, 424.278, 474.297, 506.833, 536.205, 550.82, 553.784, 553.857, 553.889, 553.924, 556.721, 553.906, 553.878, 553.883, 553.865, 553.822, 553.761, 553.795, 553.848, 553.865, 553.88, 553.848, 553.871, 553.963, 553.921, 556.766, 559.723, 568.515, 574.402, 806.956, 809.735, 627.373, 809.79, 806.951, 806.909, 803.952, 833.476, 806.935, 948.232, 986.434, 1021.78, 1045.37, 1062.95, 1062.96, 1060.09, 1057.12, 1057.13, 1054.25, 1054.24, 1057.1, 1057.14, 1057.09, 1054.14, 1054.13, 1051.32, 1051.34, 1054.17, 1054.15, 1054.16, 1054.24, 1057.1, 1057.09, 1057.11, 1060.08, 1065.9, 1245.44, 1071.92, 1077.7, 1089.41, 1092.53, 1095.5, 1104.2, 1115.84, 1115.98, 1116.11, 1118.94, 1124.85, 1130.66, 1133.69, 1136.63, 1139.51, 1139.61, 1142.41, 1142.42, 1142.55, 1142.58, 1142.61, 1145.38, 1142.61, 1145.39, 1145.39, 1145.44, 1145.42, 1145.4, 1145.46, 1148.34, 1148.33, 1151.27, 1148.41], "yl": [930.559, 930.585, 930.551, 930.57, 930.574, 930.606, 930.544, 930.627, 930.708, 930.648, 930.654, 933.582, 933.463, 933.503, 930.726, 930.717, 930.633, 930.64, 930.591, 930.55, 930.541, 930.554, 930.519, 930.615, 930.632, 930.568, 933.475, 930.639, 933.538, 933.466, 933.504, 933.54, 933.589, 936.465, 933.518, 930.665, 930.511, 924.714, 930.586, 924.635, 918.776, 915.882, 924.598, 924.617, 924.716, 930.651, 942.372, 948.265, 959.95, 960.051, 965.841, 962.942, 960.046, 962.904, 965.928, 974.58, 971.767, 971.766, 971.764, 909.937, 968.856, 912.9, 936.492, 957.051, 959.964, 965.933, 965.867, 962.998, 962.931, 962.905, 959.988, 954.159, 951.077, 930.64, 927.623, 898.206, 883.55, 868.781, 856.988, 854.09, 886.36, 924.736, 930.562, 951.261, 954.215, 957.148, 968.784, 974.746, 980.623, 977.811, 980.615, 983.499, 930.602, 909.939, 980.622, 901.165, 907.138, 906.943, 927.68, 971.825, 954.073, 977.553, 974.733, 974.609, 974.663, 971.799, 960.057, 954.043, 936.419, 927.662, 904.176, 886.396, 880.467, 880.419, 880.563, 883.567, 907, 933.558, 939.429, 948.198, 957.027, 965.836, 968.833, 974.637, 974.655, 974.789, 974.823, 974.818, 951.059, 977.563, 977.567, 977.546, 974.787, 974.762, 974.768, 974.723, 974.717, 974.762, 974.736, 974.721, 974.746, 974.709, 974.737, 974.732, 974.732, 974.729, 974.698, 974.644, 974.686, 974.674, 974.689, 974.689, 974.662, 974.667, 974.662, 974.607, 974.662, 974.675, 974.692, 974.696, 974.732, 974.762],