{"l": [0.654026, 0.638305, 0.62776, 0.613188, 0.610244, 0.579644, 0.566759, 0.569628, 0.585492, 0.549595, 0.552098, 0.548035, 0.565642, 0.568321, 0.570308, 0.581471, 0.584243, 0.591363, 0.595921, 0.600095, 0.587981, 0.607302, 0.570817, 0.571227, 0.603029, 0.592467, 0.580146, 0.606185, 0.601816, 0.579721, 0.596731, 0.636602, 0.613427, 0.612021, 0.604792, 0.603971, 0.606418, 0.615215, 0.66485, 0.684452, 0.700397, 0.68866, 0.687374, 0.693986, 0.701919, 0.703018, 0.7003, 0.695047, 0.697947, 0.701754, 0.706232, 0.699266, 0.698298, 0.693974, 0.705557, 0.696267, 0.706775, 0.706683, 0.718061, 0.707813, 0.704903, 0.713941, 0.722334, 0.704952, 0.710251, 0.709852, 0.703003, 0.695499, 0.708093, 0.699746, 0.67941, 0.675672, 0.657621, 0.656179, 0.64387, 0.652894, 0.651747, 0.641706, 0.586402, 0.578285, 0.616721, 0.632222, 0.663384, 0.63896, 0.677574, 0.699401, 0.675333, 0.615114, 0.615564, 0.626251, 0.62085, 0.644856, 0.628779, 0.669817, 0.645264, 0.698728, 0.737151, 0.736514, 0.749989, 0.73634, 0.784965, 0.783296, 0.754918, 0.771818, 0.769346, 0.787389, 0.802964, 0.683964, 0.400516, 0.141905, 0.193148, 0.145502, 0.257478, 0.200594, 0.285769, 0.69981, 0.298184, 0.757112, 0.751997, 0.763534, 0.778401, 0.804908, 0.782327, 0.452623, 0.223698, 0.832312, 0.7291, 0.694273, 0.718879, 0.74337, 0.709502, 0.593663, 0.225174, 0.175275, 0.585236, 0.744739, 0.70437, 0.670632, 0.658868, 0.674904, 0.701344, 0.725147, 0.734929, 0.769813, 0.761483, 0.791471, 0.76845, 0.74192, 0.699222, 0.678576, 0.636123, 0.694238, 0.739283, 0.514149, 0.112375, 0.249823, 0.636347, 0.775842, 0.799967, 0.83416, 0.810759, 0.782776, 0.800553, 0.808551, 0.808372, 0.811027, 0.810908, 0.792337, 0.781051, 0.7356, 0.739569, 0.750559, 0.732358, 0.79236, 0.7668, 0.742698, 0.810186, 0.730655, 0.754499, 0.768362, 0.806936, 0.828474, 0.786631, 0.799918, 0.732537, 0.773373, 0.797769, 0.807527, 0.79845, 0.776638, 0.745874, 0.753521, 0.729515, 0.713395, 0.726714, 0.73826, 0.7424, 0.743946, 0.74995, 0.745165, 0.726676, 0.724627, 0.732731, 0.730099, 0.738119, 0.724265, 0.716944, 0.730755, 0.735379, 0.733881, 0.720967], "r": [0.699348, 0.699736, 0.712652, 0.69656, 0.685509, 0.688169, 0.684458, 0.691165, 0.691144, 0.702507, 0.720036, 0.716127, 0.711137, 0.703623, 0.698844, 0.70451, 0.711188, 0.705551, 0.706247, 0.71116, 0.711673, 0.693558, 0.695657, 0.695638, 0.696038, 0.701369, 0.684994, 0.693674, 0.712155, 0.71181, 0.695859, 0.710424, 0.716383, 0.718846, 0.710587, 0.705008, 0.707749, 0.711682, 0.701843, 0.705784, 0.720204, 0.679607, 0.701614, 0.6749, 0.65717, 0.657259, 0.651011, 0.628311, 0.687423, 0.69407, 0.741203, 0.748254, 0.717593, 0.732345, 0.706507, 0.710294, 0.694992, 0.687697, 0.674434, 0.701271, 0.700846, 0.612118, 0.624664, 0.626133, 0.622929, 0.643265, 0.631715, 0.62921, 0.623796, 0.628729, 0.622781, 0.636348, 0.622463, 0.608524, 0.584131, 0.586365, 0.614056, 0.644003, 0.648535, 0.647953, 0.65156, 0.627824, 0.611119, 0.646321, 0.663919, 0.623338, 0.541346, 0.558442, 0.498263, 0.502229, 0.589052, 0.565154, 0.542551, 0.565649, 0.554853, 0.544493, 0.524974, 0.482952, 0.474148, 0.393463, 0.485727, 0.617146, 0.367778, 0.479433, 0.514289, 0.534395, 0.593693, 0.61821, 0.593459, 0.640158, 0.674967, 0.724559, 0.696479, 0.48356, 0.510866, 0.698178, 0.458894, 0.661678, 0.741738, 0.791273, 0.756482, 0.739008, 0.717864, 0.252426, 0.592848, 0.707266, 0.708989, 0.71214, 0.717824, 0.732415, 0.775228, 0.807693, 0.817726, 0.840113, 0.807405, 0.797227, 0.779134, 0.780973, 0.799041, 0.78446, 0.794733, 0.802246, 0.82552, 0.779354, 0.790155, 0.755466, 0.831281, 0.767613, 0.698274, 0.665336, 0.745858, 0.696265, 0.715823, 0.655993, 0.68605, 0.5823, 0.604909, 0.557593, 0.735901, 0.763071, 0.747453, 0.754597, 0.698227, 0.756773, 0.675321, 0.711351, 0.780217, 0.73833, 0.801224, 0.808168, 0.795863, 0.853714, 0.851346, 0.856488, 0.857369, 0.873731, 0.860656, 0.84356, 0.841105, 0.831349, 0.827846, 0.819739, 0.811586, 0.819383, 0.827193, 0.808446, 0.812158, 0.814282, 0.821802, 0.842231, 0.838493, 0.845507, 0.842732, 0.840018, 0.856097, 0.870904, 0.860642, 0.862293, 0.866803, 0.858258, 0.856316, 0.854869, 0.867374, 0.868336, 0.897668, 0.891688, 0.893135, 0.906094, 0.91133, 0.896925, 0.894242], "xl": [412.519, 412.48, 415.473, 412.676, 412.663, 412.596, 412.493, 412.502, 412.585, 412.68, 415.456, 415.498, 412.58, 412.524, 412.603, 412.487, 412.604, 412.654, 412.638, 412.577, 412.675, 412.612, 415.469, 415.545, 415.584, 415.583, 415.535, 418.397, 415.557, 415.46, 418.403, 409.579, 412.588, 412.65, 415.577, 421.333, 421.402, 412.504, 409.556, 409.498, 409.519, 409.487, 409.487, 409.535, 409.518, 409.544, 409.51, 409.487, 409.527, 409.483, 409.496, 409.48, 409.5, 409.532, 409.538, 409.559, 409.537, 409.562, 409.523, 409.527, 409.487, 409.484, 409.527, 409.527, 409.54, 409.549, 409.508, 409.529, 409.518, 409.524, 409.602, 409.629, 409.666, 412.539, 412.573, 412.469, 412.525, 412.598, 415.544, 421.368, 415.584, 412.65, 409.57, 403.76, 406.666, 409.536, 412.467, 412.611, 430.169, 436.112, 447.866, 453.773, 456.628, 456.64, 456.591, 456.557, 456.702, 456.716, 456.72, 456.65, 456.732, 456.742, 456.755, 456.747, 456.701, 456.715, 456.762, 456.682, 389.087, 474.374, 439.124, 465.555, 527.394, 547.973, 594.935, 456.783, 650.932, 459.528, 456.789, 456.736, 456.676, 456.685, 456.777, 692.259, 692.018, 483.22, 500.841, 518.462, 544.945, 574.329, 601.009, 645.017, 680.422, 739.172, 765.771, 812.921, 857.042, 903.967, 936.498, 965.904, 977.654, 980.629, 983.579, 989.44, 989.402, 992.322, 992.342, 989.436, 989.449, 989.408, 803.935, 833.33, 859.982, 992.357, 936.447, 977.605, 986.503, 989.469, 992.334, 992.409, 992.371, 992.365, 992.4, 995.22, 995.26, 995.34, 998.092, 995.353, 998.11, 998.147, 998.354, 1001.24, 1012.91, 1021.8, 1033.61, 1051.27, 1071.74, 1086.51, 1098.39, 1118.9, 1130.67, 1142.49, 1151.31, 1163.04, 1166.01, 1177.75, 1183.6, 1186.5, 1186.61, 1186.71, 1189.5, 1189.59, 1189.64, 1195.42, 1201.34, 1204.22, 1204.23, 1204.25, 1204.29, 1204.33, 1204.32, 1204.25, 1204.24, 1204.25, 1204.32, 1201.33, 1201.33, 1201.28, 1201.27, 1192.61, 1192.55], "xr": [277.187, 277.177, 277.171, 277.173, 277.135, 277.186, 277.208, 280.072, 277.152, 277.176, 277.209, 277.225, 277.247, 277.228, 277.226, 277.205, 277.227, 277.197, 277.202, 277.221, 277.222, 280.099, 280.067, 280.132, 280.165, 280.163, 280.127, 280.135, 280.122, 280.098, 277.152, 277.221, 280.08, 280.07, 280.103, 283.076, 283.068, 283.028, 283.051, 280.154, 280.157, 285.957, 288.88, 291.753, 291.838, 291.961, 294.958, 297.776, 300.678, 300.735, 303.63, 303.619, 303.667, 303.641, 303.648, 303.628, 303.64, 303.633, 303.611, 300.771, 303.63, 297.792, 297.772, 297.761, 297.735, 297.809, 297.835, 297.813, 297.745, 297.792, 297.774, 297.808, 297.766, 297.791, 294.857, 294.856, 294.827, 297.819, 297.867, 297.854, 297.857, 300.694, 300.668, 297.737, 294.97, 297.733, 300.757, 300.744, 297.846, 303.653, 303.632, 303.645, 300.747, 300.75, 300.737, 300.708, 300.665, 297.751, 294.96, 303.644, 306.555, 315.458, 312.465, 315.315, 324.244, 339.074, 362.411, 368.432, 456.732, 421.337, 442.052, 459.583, 459.725, 553.853, 597.907, 627.501, 665.606, 689.146, 695.026, 695.002, 692.234, 695.127, 695.162, 695.141, 695.155, 695.219, 695.252, 695.251, 695.197, 695.211, 695.228, 695.202, 695.171, 695.18, 695.252, 695.239, 695.244, 697.995, 698.002, 695.246, 695.246, 695.224, 695.197, 698.127, 701.011, 712.723, 718.697, 736.332, 753.949, 774.596, 992.404, 992.37, 992.411, 895.234, 939.438, 980.609, 1015.85, 1068.93, 1113.09, 1145.39, 1186.67, 1216.05, 1245.5, 1260.28, 1274.86, 1274.89, 1277.87, 1280.81, 1280.78, 1280.79, 1280.9, 1280.83, 1280.86, 1280.87, 1280.92, 1283.64, 1280.92, 1283.67, 1283.64, 1280.91, 1280.9, 1280.88, 1280.86, 1283.63, 1280.91, 1280.89, 1280.88, 1280.86, 1280.83, 1280.85, 1280.86, 1280.86, 1280.84, 1280.85, 1280.87, 1280.9, 1280.9, 1280.84, 1280.88, 1280.87, 1280.89, 1280.89, 1280.9, 1280.9, 1280.9, 1280.89, 1280.88, 1280.87, 1280.88, 1280.88, 1280.91],