{"l": [0.287486, 0.40942, 0.440192, 0.406873, 0.392952, 0.456665, 0.489366, 0.486902, 0.493077, 0.530535, 0.524964, 0.510066, 0.525171, 0.517903, 0.519554, 0.501742, 0.443245, 0.522071, 0.524342, 0.523907, 0.519626, 0.515033, 0.541038, 0.499664, 0.508374, 0.523651, 0.525156, 0.49015, 0.412993, 0.395095, 0.436353, 0.493103, 0.497484, 0.444378, 0.430536, 0.442352, 0.432338, 0.546387, 0.547855, 0.446631, 0.34701, 0.370782, 0.325673, 0.38704, 0.383757, 0.350321, 0.379123, 0.443901, 0.381578, 0.633089, 0.617191, 0.639915, 0.656443, 0.672641, 0.65765, 0.641114, 0.634757, 0.613463, 0.624972, 0.637283, 0.6226, 0.303116, 0.121463, 0.138281, 0.126685, 0.179596, 0.218218, 0.16995, 0.22101, 0.376645, 0.435908, 0.48865, 0.327235, 0.58022, 0.307558, 0.63108, 0.672368, 0.649678, 0.565087, 0.493145, 0.647317, 0.540878, 0.491126, 0.436931, 0.432881, 0.499409, 0.596264, 0.443519, 0.139776, 0.412977, 0.694186, 0.678903, 0.665982, 0.639255, 0.633668, 0.62985, 0.617109, 0.615801, 0.413853, 0.703304, 0.538735, 0.720251, 0.269352, 0.586464, 0.518929, 0.457267, 0.565715, 0.432831, 0.395944, 0.51929, 0.747288, 0.757462, 0.792367, 0.767327, 0.787908, 0.796985, 0.813686, 0.795209, 0.756354, 0.749943, 0.719868, 0.626151, 0.174595, 0.723462, 0.654617, 0.631095, 0.385867, 0.639821, 0.743228, 0.75104, 0.678474, 0.585045, 0.541684, 0.539153, 0.532624, 0.470896, 0.31249, 0.169852, 0.156472, 0.147164, 0.138966, 0.1497, 0.151143, 0.148462, 0.171991, 0.257028, 0.228212, 0.137142, 0.191222, 0.176832, 0.15099, 0.147874, 0.144524, 0.183942, 0.194347, 0.185828, 0.174598, 0.146346, 0.141166, 0.127397, 0.129355, 0.106261, 0.183447, 0.113604, 0.133778, 0.161794, 0.151594, 0.171255, 0.16868, 0.162084, 0.166426, 0.16059, 0.148208, 0.14977, 0.12833, 0.128868, 0.12537, 0.138847, 0.145462, 0.118575, 0.113105, 0.118823, 0.137559, 0.142536, 0.134613, 0.152656, 0.160243], "r": [0.308005, 0.397761, 0.451437, 0.474614, 0.342603, 0.423135, 0.501236, 0.462525, 0.515, 0.559161, 0.464315, 0.522916, 0.554325, 0.536257, 0.517801, 0.488974, 0.484289, 0.44395, 0.489969, 0.523444, 0.543644, 0.581081, 0.563355, 0.484681, 0.591547, 0.589282, 0.582418, 0.598975, 0.553646, 0.569932, 0.539105, 0.576598, 0.504139, 0.501432, 0.476468, 0.495229, 0.47247, 0.542073, 0.504504, 0.606847, 0.413218, 0.45046, 0.512333, 0.489322, 0.442213, 0.488799, 0.520144, 0.549677, 0.555056, 0.553267, 0.57816, 0.563806, 0.600283, 0.630845, 0.658876, 0.65553, 0.673703, 0.58506, 0.450125, 0.44644, 0.440802, 0.59353, 0.570685, 0.56819, 0.551145, 0.5146, 0.531327, 0.54435, 0.442575, 0.57306, 0.617461, 0.596333, 0.306642, 0.668028, 0.465012, 0.699585, 0.708258, 0.660326, 0.671658, 0.639101, 0.513887, 0.709187, 0.731147, 0.762423, 0.77604, 0.763631, 0.766632, 0.730036, 0.757014, 0.761485, 0.747651, 0.780675, 0.763057, 0.764608, 0.737463, 0.740493, 0.760511, 0.761226, 0.590308, 0.784414, 0.404306, 0.728475, 0.462943, 0.701342, 0.620948, 0.635923, 0.821634, 0.352318, 0.653174, 0.462602, 0.644077, 0.777602, 0.733693, 0.694464, 0.734452, 0.671906, 0.689896, 0.694081, 0.704798, 0.698896, 0.696288, 0.704306, 0.231816, 0.771056, 0.728255, 0.73701, 0.514053, 0.740896, 0.758473, 0.74713, 0.735963, 0.766427, 0.781776, 0.759072, 0.769857, 0.784046, 0.79257, 0.787862, 0.746012, 0.690598, 0.688377, 0.689263, 0.69444, 0.683853, 0.681056, 0.657854, 0.700896, 0.709056, 0.696934, 0.702566, 0.740557, 0.731211, 0.735539, 0.762258, 0.739538, 0.757248, 0.765456, 0.75611, 0.739747, 0.744912, 0.695816, 0.668728, 0.666623, 0.724968, 0.705569, 0.703255, 0.702689, 0.719756, 0.740083, 0.755008, 0.717052, 0.718438, 0.721772, 0.728774, 0.731877, 0.730608, 0.705261, 0.715525, 0.721345, 0.710232, 0.70391, 0.723299, 0.738896, 0.717158, 0.697161, 0.727357, 0.73281], "xl": [436.019, 436.165, 436.142, 436.201, 436.144, 436.162, 439.003, 436.161, 436.17, 439.039, 439.064, 436.209, 439.004, 438.997, 439.023, 438.99, 436.211, 439.078, 439.063, 439.109, 439.076, 436.206, 433.203, 436.019, 433.184, 433.166, 433.146, 433.24, 435.999, 433.241, 433.247, 436.065, 436.109, 441.968, 439.084, 447.864, 450.77, 436.187, 436.119, 433.188, 427.267, 430.188, 424.333, 427.283, 424.313, 415.512, 409.644, 403.75, 400.756, 403.751, 400.734, 392.027, 394.851, 394.855, 394.859, 394.89, 394.881, 397.8, 397.831, 397.85, 400.778, 271.24, 394.902, 392.009, 365.442, 383.055, 383.137, 386.102, 392.029, 477.297, 512.669, 550.914, 583.254, 394.916, 389.082, 397.798, 400.733, 397.849, 403.674, 406.59, 647.923, 436.044, 450.81, 474.385, 500.831, 533.243, 580.304, 609.759, 662.673, 706.888, 739.218, 780.428, 815.822, 857.008, 883.448, 907.07, 924.66, 924.704, 924.666, 927.6, 668.737, 689.156, 700.989, 730.458, 759.833, 789.176, 824.573, 862.874, 901.069, 924.634, 930.583, 927.591, 927.605, 927.592, 927.577, 927.605, 927.6, 927.594, 927.592, 927.665, 930.589, 933.613, 945.265, 954.198, 971.766, 986.507, 1207.13, 1021.81, 1048.22, 1068.92, 1089.4, 1110.03, 1133.62, 1151.35, 1168.94, 1180.75, 1189.6, 1207.26, 1219, 1213.06, 1224.92, 1219.05, 1230.81, 1216.07, 1210.2, 1207.19, 1210.06, 1236.65, 1207.25, 1210.19, 1248.44, 1248.41, 1245.47, 1251.35, 1254.31, 1254.34, 1254.24, 1251.37, 1254.21, 1254.19, 1251.38, 1251.34, 1204.29, 1251.33, 1251.37, 1251.38, 1251.3, 1254.21, 1251.39, 1251.31, 1254.22, 1251.35, 1251.33, 1251.31, 1230.81, 1230.79, 1251.34, 1248.44, 1248.4, 1230.78, 1224.9, 1224.92, 1233.75, 1230.81, 1222.01, 1233.73, 1233.73], "xr": [330.129, 333.03, 333.072, 333.134, 333.028, 335.96, 335.998, 333.116, 333.117, 333.074, 333.044, 335.955, 335.993, 327.201, 318.498, 318.278, 318.273, 315.377, 315.44, 315.412, 315.496, 318.302, 315.509, 318.309, 318.429, 318.384, 318.343, 318.412, 318.324, 318.295, 318.28, 315.52, 315.497, 315.435, 315.361, 318.33, 315.477, 318.476, 321.295, 321.358, 321.367, 321.358, 321.31, 318.451, 318.419, 318.446, 318.506, 318.464, 318.363, 318.351, 318.316, 315.516, 318.275, 318.311, 315.543, 315.466, 315.404, 312.423, 294.825, 291.796, 286.019, 400.828, 397.877, 397.845, 394.912, 397.849, 389.105, 394.88, 418.42, 400.824, 397.84, 397.882, 589.145, 612.693, 633.303, 645.052, 645.166, 648.001, 648.054, 647.982, 436.061, 648.004, 648.02, 648.09, 648.016, 648.009, 647.972, 647.995, 647.899, 648.11, 648.135, 648.141, 648.145, 648.139, 648.151, 650.957, 650.991, 653.908, 656.824, 665.618, 927.676, 927.699, 712.776, 927.603, 927.62, 927.604, 927.539, 880.414, 918.762, 933.589, 989.468, 1030.7, 1071.87, 1110.09, 1139.61, 1168.97, 1189.67, 1210.1, 1210.19, 1210.19, 1213.06, 1210.24, 1210.21, 1213.01, 1213.01, 1210.23, 1001.2, 1210.24, 1213.03, 1210.23, 1210.24, 1210.22, 1210.13, 1210.1, 1210.08, 1210.07, 1207.27, 1210.11, 1210.1, 1210.14, 1210.09, 1210.19, 1210.19, 1213.01, 1213.03, 1213.22, 1213.15, 1210.24, 1213.06, 1213.05, 1210.18, 1210.18, 1210.16, 1210.06, 1210.1, 1210.12, 1210.14, 1210.17, 1210.18, 1210.18, 1210.19, 1210.13, 1213.11, 1210.17, 1210.14, 1210.12, 1210.13, 1210.11, 1210.13, 1210.11, 1210.12, 1210.11, 1210.13, 1210.12, 1210.12, 1210.14, 1210.09, 1210.12, 1210.08, 1210.08, 1210.03, 1210.03, 1210.06, 1210.04, 1210.03, 1210.05, 1210.05],