{"l": [0.487261, 0.513452, 0.533713, 0.543692, 0.535295, 0.557318, 0.5553, 0.55432, 0.53214, 0.580805, 0.577124, 0.580582, 0.544346, 0.546494, 0.556707, 0.550251, 0.503396, 0.50816, 0.488509, 0.54376, 0.547841, 0.534406, 0.550456, 0.517483, 0.534395, 0.606417, 0.608631, 0.567902, 0.571753, 0.542985, 0.477068, 0.402855, 0.549236, 0.575013, 0.572659, 0.589531, 0.519918, 0.44286, 0.400087, 0.360801, 0.353614, 0.385919, 0.461725, 0.493179, 0.479295, 0.492827, 0.493164, 0.673867, 0.64601, 0.593071, 0.582602, 0.614555, 0.584908, 0.603487, 0.609362, 0.613522, 0.60067, 0.29892, 0.159927, 0.138953, 0.139601, 0.191036, 0.232121, 0.160344, 0.240862, 0.515325, 0.542916, 0.572177, 0.562316, 0.579455, 0.402131, 0.320762, 0.291585, 0.381913, 0.653548, 0.604188, 0.306386, 0.562961, 0.548124, 0.517997, 0.52885, 0.381499, 0.515237, 0.505852, 0.316524, 0.144738, 0.515151, 0.666143, 0.611119, 0.592249, 0.539737, 0.656506, 0.682515, 0.671734, 0.715886, 0.576242, 0.556669, 0.348409, 0.640887, 0.652842, 0.519885, 0.445766, 0.561621, 0.312129, 0.206199, 0.637592, 0.727638, 0.741123, 0.739992, 0.739302, 0.708962, 0.263226, 0.694896, 0.708677, 0.341503, 0.636147, 0.711617, 0.720586, 0.728621, 0.601419, 0.465773, 0.505634, 0.387172, 0.419381, 0.628501, 0.570034, 0.48602, 0.595342, 0.557757, 0.317203, 0.158922, 0.130906, 0.199324, 0.233637, 0.274989, 0.321099, 0.305763, 0.268716, 0.289089, 0.259172, 0.251311, 0.28126, 0.283173, 0.243061, 0.219445, 0.214818, 0.207802, 0.200494], "r": [0.510387, 0.619545, 0.625681, 0.62132, 0.589447, 0.562279, 0.558711, 0.555559, 0.499435, 0.557647, 0.482685, 0.543367, 0.509256, 0.5673, 0.586475, 0.538132, 0.531815, 0.500746, 0.54951, 0.59625, 0.561335, 0.579289, 0.582375, 0.43261, 0.547418, 0.570855, 0.485267, 0.512999, 0.543837, 0.544175, 0.513302, 0.465905, 0.571818, 0.581564, 0.647755, 0.660675, 0.633419, 0.635648, 0.600046, 0.570697, 0.537293, 0.546605, 0.596822, 0.585099, 0.608921, 0.627508, 0.656653, 0.664429, 0.646378, 0.649042, 0.645955, 0.605855, 0.606727, 0.585637, 0.488106, 0.373676, 0.330831, 0.415882, 0.552542, 0.597339, 0.605864, 0.55802, 0.524597, 0.547855, 0.491384, 0.586259, 0.628323, 0.647319, 0.681486, 0.71131, 0.259013, 0.507391, 0.342241, 0.470905, 0.650464, 0.664531, 0.486934, 0.686674, 0.692642, 0.70141, 0.714493, 0.687909, 0.69611, 0.712317, 0.736399, 0.740286, 0.770205, 0.773452, 0.773172, 0.799769, 0.736471, 0.608394, 0.744619, 0.774524, 0.802759, 0.702322, 0.710342, 0.56612, 0.632099, 0.609268, 0.574944, 0.664371, 0.636562, 0.484132, 0.594426, 0.594913, 0.763931, 0.72196, 0.666271, 0.670311, 0.667846, 0.575388, 0.723799, 0.688932, 0.613937, 0.683987, 0.697466, 0.725835, 0.732013, 0.686141, 0.58297, 0.592293, 0.646424, 0.65682, 0.701101, 0.71282, 0.724053, 0.745316, 0.794454, 0.786172, 0.726345, 0.718753, 0.75019, 0.731577, 0.724642, 0.732926, 0.743663, 0.74193, 0.739056, 0.731498, 0.722093, 0.749599, 0.754409, 0.754492, 0.744512, 0.740141, 0.72991, 0.731755], "xl": [415.458, 415.527, 415.502, 415.451, 412.672, 415.459, 412.665, 415.462, 415.472, 412.641, 415.446, 412.676, 412.67, 412.665, 412.661, 412.615, 412.602, 412.615, 412.63, 412.608, 412.583, 412.577, 412.607, 412.652, 412.607, 412.56, 412.527, 412.558, 412.561, 412.597, 412.614, 415.509, 412.66, 412.669, 415.468, 415.476, 415.525, 421.37, 421.392, 427.262, 421.389, 415.469, 409.548, 409.567, 406.703, 403.695, 397.803, 400.741, 397.798, 392.015, 400.736, 400.727, 397.803, 400.752, 397.875, 400.814, 400.784, 403.75, 394.944, 409.565, 394.911, 365.514, 371.367, 389.014, 388.932, 406.629, 394.894, 394.95, 394.933, 397.796, 624.444, 642.038, 394.859, 397.791, 394.936, 400.821, 650.945, 427.232, 433.255, 456.701, 483.126, 494.988, 550.761, 580.292, 627.451, 645.112, 715.759, 759.803, 795.144, 836.365, 877.49, 651.063, 907.073, 907.147, 907.135, 907.051, 906.968, 698.016, 907.092, 907.148, 906.975, 809.829, 848.133, 903.984, 906.903, 921.71, 907.165, 907.164, 907.152, 907.142, 907.155, 904.083, 909.918, 909.952, 909.993, 921.686, 927.653, 939.393, 951.249, 965.832, 1189.46, 1189.52, 1027.69, 1186.73, 1077.78, 1098.32, 1124.86, 1148.33, 1163.18, 1171.95, 1210.14, 1210.14, 1233.63, 1236.58, 1236.76, 1239.57, 1239.69, 1242.59, 1242.53, 1245.49, 1248.43, 1242.55, 1239.65, 1236.69, 1236.57, 1233.78, 1233.72, 1233.78], "xr": [321.417, 321.393, 321.269, 321.306, 318.532, 321.299, 318.497, 318.491, 318.427, 318.266, 315.518, 318.281, 318.266, 318.52, 318.439, 318.428, 318.424, 318.369, 318.376, 318.358, 318.352, 315.53, 315.476, 315.467, 315.527, 318.325, 318.433, 318.466, 318.44, 318.428, 318.33, 318.37, 318.331, 318.463, 318.4, 318.272, 318.329, 318.345, 318.403, 318.262, 318.394, 318.414, 318.443, 318.416, 318.445, 318.449, 318.418, 318.414, 318.31, 315.481, 315.436, 312.508, 315.305, 294.9, 291.93, 291.819, 288.933, 397.822, 400.802, 397.807, 400.787, 397.831, 397.794, 386.051, 412.502, 459.688, 486.169, 544.955, 577.295, 603.819, 624.504, 645.042, 650.986, 651.023, 653.934, 659.784, 656.818, 659.747, 656.866, 656.854, 656.791, 656.851, 656.805, 653.878, 650.978, 650.948, 653.91, 653.899, 653.954, 653.95, 656.812, 901.044, 656.862, 659.74, 668.542, 671.685, 692.012, 909.945, 730.368, 754.001, 786.282, 907.1, 904.128, 883.602, 910.045, 968.833, 1015.86, 1051.19, 1089.52, 1130.71, 1162.97, 1180.76, 1189.68, 1192.57, 1189.68, 1198.39, 1195.51, 1195.48, 1198.35, 1195.43, 992.306, 1012.97, 1192.58, 1057.16, 1195.49, 1192.49, 1192.51, 1189.69, 1189.62, 1189.59, 1189.7, 1189.69, 1192.5, 1192.52, 1192.59, 1192.53, 1192.51, 1192.52, 1192.51, 1192.54, 1192.54, 1192.5, 1192.49, 1192.5, 1192.51, 1192.49, 1192.5, 1192.49], "yl": [933.486, 933.538, 939.407, 936.485, 939.375, 936.5, 939.35, 939.348, 936.497, 939.384, 939.419, 939.398, 936.449, 933.57, 936.429, 936.413, 936.432, 936.491, 936.477, 936.449, 936.497, 942.312, 945.257, 939.442, 939.408, 948.121, 951.04, 948.137, 948.187, 945.237, 945.22, 942.368, 945.317, 948.212, 948.172, 948.184, 942.318, 930.685, 927.615, 915.831, 918.792, 918.828, 927.518, 927.606, 927.718, 930.666, 936.445, 954.197, 954.254, 957.081, 962.908, 960, 957.113, 959.983, 957.154, 959.974, 959.966, 960.041, 954.184, 954.128, 951.229, 933.546, 927.609, 951.12, 930.58, 951.133, 951.256, 954.152, 954.211, 954.126, 974.732, 974.799, 951.108, 951.241, 951.216, 945.236, 977.818, 930.633, 918.762, 892.343, 877.608, 880.437, 868.795, 871.689, 883.519, 907.075, 921.663, 930.63, 954.076, 957.122, 962.948, 965.891, 974.716, 977.583, 977.585, 977.689, 977.681, 912.908, 977.604, 977.59, 974.722, 898.142, 901.083, 971.769, 951.209, 962.994, 974.599, 971.824, 971.814, 971.694, 968.763, 960.004, 957.143, 954.067, 948.127, 939.39, 927.656, 912.892, 904.034, 886.46, 977.648, 977.683, 877.558, 977.625, 886.413, 901.125, 904.099, 918.772, 924.577, 933.548, 936.496, 948.178, 930.605, 930.494, 930.496, 930.437, 930.547, 930.626, 930.618, 930.63, 930.709, 930.642, 930.72, 930.588, 930.632, 930.557, 930.59, 930.525],