{"l": [0.647975, 0.654335, 0.652202, 0.647047, 0.662269, 0.645304, 0.638061, 0.645105, 0.657124, 0.653242, 0.668949, 0.668201, 0.650015, 0.652321, 0.671901, 0.662901, 0.662399, 0.674323, 0.683049, 0.672974, 0.677406, 0.671913, 0.656107, 0.659351, 0.658674, 0.67063, 0.707062, 0.704604, 0.701381, 0.693893, 0.708284, 0.709572, 0.715495, 0.704345, 0.68337, 0.67719, 0.66662, 0.666126, 0.661693, 0.673676, 0.669087, 0.676986, 0.669841, 0.662466, 0.669731, 0.651768, 0.661915, 0.660074, 0.645954, 0.643713, 0.656732, 0.639964, 0.609083, 0.618909, 0.658008, 0.610394, 0.638237, 0.625431, 0.469997, 0.519961, 0.553691, 0.571439, 0.47509, 0.447877, 0.466898, 0.541876, 0.52733, 0.602477, 0.576606, 0.506504, 0.6039, 0.592206, 0.561937, 0.582378, 0.611756, 0.616855, 0.608542, 0.616987, 0.594022, 0.647148, 0.64024, 0.648352, 0.630234, 0.631181, 0.628979, 0.152135, 0.540925, 0.535142, 0.483693, 0.470934, 0.14912, 0.170145, 0.124608, 0.486341, 0.498512, 0.56351, 0.615474, 0.627639, 0.440925, 0.610195, 0.411177, 0.650134, 0.65113, 0.651675, 0.222858, 0.621307, 0.566768, 0.537438, 0.543848, 0.60751, 0.583468, 0.212363, 0.207093, 0.638871, 0.679934, 0.623718, 0.64707, 0.627616, 0.646117, 0.302404, 0.638393, 0.720667, 0.784797, 0.710179, 0.723687, 0.695295, 0.552013, 0.672158, 0.576625, 0.607138, 0, 0.141274, 0.737824, 0.760475, 0.747782, 0.769357, 0.398706, 0.563089, 0, 0.328106, 0.262362, 0.515187, 0.331244, 0.572031, 0.413672, 0.430871, 0.339125, 0.284985, 0.338641, 0.134353, 0.224515, 0.176869, 0, 0.085756, 0.231835, 0.319389, 0.356684, 0.511159, 0.216196, 0.260458, 0.45935, 0.686958, 0.603643, 0.602538, 0.666909, 0.68714, 0.701603, 0.704882, 0.688666, 0.535236, 0.470898, 0.631769, 0.626858, 0.620887, 0.543306, 0.407619, 0.609897, 0.475782, 0.441382, 0.131011, 0.134329, 0.0682204, 0.13864, 0.136695, 0.473907, 0.541207, 0.330846, 0.237677, 0.199396, 0.133259, 0.115427, 0.208174, 0.283078, 0.128582, 0.131017, 0.183626, 0.191377, 0.265138, 0.246273, 0.162829, 0.196195, 0.202579, 0.160828, 0.246006, 0.197532, 0.277744, 0.235912, 0.257129, 0.183478, 0.185995, 0.28262, 0.220707, 0.420979, 0.633859, 0.616207, 0.575631], "r": [0.683235, 0.698898, 0.697014, 0.701073, 0.704443, 0.702569, 0.686201, 0.688934, 0.680888, 0.695094, 0.679788, 0.685346, 0.677637, 0.682967, 0.671208, 0.672003, 0.643752, 0.690174, 0.684236, 0.686855, 0.689762, 0.696119, 0.709312, 0.701029, 0.684749, 0.709495, 0.71572, 0.711052, 0.720718, 0.726452, 0.716503, 0.721097, 0.7347, 0.72778, 0.680348, 0.692922, 0.704907, 0.674303, 0.673254, 0.666872, 0.693644, 0.710483, 0.686851, 0.619551, 0.607202, 0.628754, 0.615866, 0.60423, 0.604482, 0.646688, 0.670358, 0.652258, 0.644864, 0.643592, 0.633278, 0.617682, 0.622177, 0.632484, 0.603572, 0.601084, 0.61697, 0.625353, 0.646041, 0.626041, 0.629517, 0.63713, 0.62021, 0.614608, 0.5944, 0.569852, 0.576127, 0.563459, 0.564369, 0.571155, 0.578981, 0.590623, 0.580591, 0.592048, 0.602744, 0.576739, 0.557685, 0.510945, 0.468508, 0.504036, 0.492969, 0.565464, 0.627529, 0.635415, 0.658251, 0.657921, 0.453437, 0.631594, 0.702211, 0.538778, 0.532668, 0.741453, 0.678374, 0.734005, 0.415957, 0.655468, 0.225251, 0.719467, 0.664693, 0.701712, 0.568901, 0.730952, 0.721916, 0.741377, 0.729332, 0.773647, 0.779999, 0.776813, 0.734147, 0.762035, 0.757024, 0.746506, 0.777775, 0.766586, 0.795715, 0, 0.781528, 0.821314, 0.740463, 0.738054, 0.736139, 0.745663, 0.688523, 0.752518, 0.749228, 0.733134, 0.78883, 0, 0.724897, 0.711963, 0.667988, 0.697892, 0.629272, 0.674319, 0.649091, 0.728856, 0.511289, 0.573815, 0.588393, 0.720692, 0.626616, 0.685095, 0.704775, 0.688687, 0.664312, 0.64109, 0.692715, 0.689085, 0.667629, 0.66252, 0.556659, 0.629394, 0.613844, 0.693778, 0.50252, 0.531152, 0.563948, 0.704427, 0.654584, 0.670063, 0.698397, 0.731807, 0.766924, 0.761701, 0.764133, 0.755447, 0.728735, 0.777219, 0.758754, 0.725589, 0.731145, 0.652163, 0.704213, 0.670484, 0.625844, 0.652278, 0.572311, 0.701036, 0.58855, 0.618737, 0.719815, 0.721272, 0.634001, 0.649147, 0.565197, 0.343444, 0.542789, 0.63904, 0.684839, 0.655546, 0.669729, 0.72083, 0.691937, 0.704378, 0.712687, 0.733501, 0.744293, 0.736729, 0.721082, 0.732314, 0.71822, 0.687528, 0.676489, 0.675193, 0.67446, 0.673846, 0.540799, 0.580529, 0.446534, 0.554101, 0.57282, 0.523461], "xl": [433.195, 433.189, 433.251, 433.245, 436.003, 433.255, 433.264, 433.229, 433.238, 436.022, 436.017, 433.252, 435.994, 435.999, 436.001, 433.265, 436.016, 433.268, 436.004, 436.015, 436.029, 435.999, 436.001, 436.052, 436.044, 436.007, 436.028, 436.039, 436.039, 436.06, 436.089, 436.056, 436.064, 436.036, 436.018, 436.024, 436.029, 433.263, 433.267, 433.257, 433.221, 436.011, 435.999, 436.005, 433.222, 433.199, 433.258, 433.219, 433.164, 433.218, 433.134, 433.15, 433.169, 433.219, 433.207, 433.164, 433.144, 433.238, 439.023, 439.012, 439.003, 442.006, 444.907, 447.88, 450.8, 450.777, 447.889, 436.202, 430.164, 415.528, 412.576, 412.463, 409.625, 412.475, 412.464, 412.645, 412.612, 412.554, 412.543, 412.507, 412.455, 412.434, 409.702, 412.439, 409.703, 406.624, 285.953, 294.756, 300.686, 330.191, 403.756, 412.549, 409.619, 412.648, 506.638, 412.527, 412.531, 412.626, 409.623, 412.441, 409.597, 650.963, 653.882, 653.901, 648.033, 459.58, 471.388, 503.668, 527.263, 568.545, 603.914, 645.068, 695.124, 721.676, 765.752, 809.885, 848.154, 874.657, 895.239, 901.041, 904.118, 904.129, 671.609, 686.236, 906.915, 733.332, 751.043, 786.396, 818.705, 862.952, 905.563, 948.174, 904.12, 904.124, 904.149, 904.165, 901.172, 904.003, 1023.2465, 1142.49, 1145.39, 918.798, 1145.44, 1148.39, 1145.51, 974.735, 998.301, 1021.83, 1045.41, 1107.15, 1101.27, 1139.64, 1173.375, 1207.11, 1145.54, 1245.47, 1257.36, 1274.9, 1274.94, 1277.89, 1280.75, 1280.89, 1280.79, 1280.85, 1283.69, 1283.65, 1283.65, 1283.67, 1283.67, 1280.88, 1280.87, 1283.87, 1286.67, 1283.89, 1283.75, 1280.79, 1283.84, 1283.72, 1280.71, 1266.08, 1269.06, 1277.8, 1260.29, 1260.19, 1198.44, 1207.19, 1207.28, 1277.81, 1277.84, 1274.92, 1216.07, 1283.69, 1283.9, 1286.66, 1283.86, 1292.58, 1286.71, 1289.69, 1289.66, 1286.77, 1295.51, 1292.55, 1289.68, 1289.68, 1289.72, 1289.69, 1286.76, 1286.8, 1286.76, 1286.69, 1219.02, 1213.18, 1213.24, 1216.07, 1213.22, 1213.12],