{"l": [0.563461, 0.55156, 0.54712, 0.543775, 0.536909, 0.554285, 0.586287, 0.534552, 0.559261, 0.586997, 0.589689, 0.594364, 0.583301, 0.585873, 0.562004, 0.550739, 0.571729, 0.604155, 0.617339, 0.628961, 0.627745, 0.612803, 0.599885, 0.581318, 0.620298, 0.618139, 0.586903, 0.581088, 0.591348, 0.613097, 0.640921, 0.612045, 0.574931, 0.568912, 0.55738, 0.559794, 0.541546, 0.526209, 0.523089, 0.530552, 0.490589, 0.423548, 0.403146, 0.554025, 0.621057, 0.693577, 0.621276, 0.554313, 0.629207, 0.608718, 0.515229, 0.58556, 0.615272, 0.611739, 0.614415, 0.59288, 0.617076, 0.633389, 0.653253, 0.635948, 0.610651, 0.40692, 0.228081, 0.228694, 0.200774, 0.236962, 0.261136, 0.173084, 0.317758, 0.594086, 0.385086, 0.361972, 0.538284, 0.45167, 0.543376, 0.345573, 0.54085, 0.588915, 0.721715, 0.632874, 0.538454, 0.49176, 0.459626, 0.424105, 0.545304, 0.143631, 0.348075, 0.671721, 0.648141, 0.556191, 0.588472, 0.559642, 0.597002, 0.558682, 0.57279, 0.473889, 0.541895, 0.260248, 0.576391, 0.637895, 0.436705, 0.504594, 0.553662, 0.467394, 0.226542, 0.693276, 0.736762, 0.794944, 0.799728, 0.766145, 0.756296, 0.775244, 0.710622, 0.303482, 0.730314, 0.646659, 0.694332, 0.527806, 0.558125, 0.444396, 0.391984, 0.639049, 0.646429, 0.606339, 0.606753, 0.186589, 0.364048, 0.503025, 0.597448, 0.518526, 0.571431, 0.625658, 0.583824, 0.618226, 0.618899, 0.615789, 0.591269, 0.618985, 0.604095, 0.606581, 0.611616, 0.572721, 0.596195, 0.593188, 0.563438, 0.50404, 0.500698, 0.268168, 0.531676, 0.53281, 0.447693, 0.55791, 0.561704, 0.505897, 0.516124, 0.419769, 0.454626, 0.518714, 0.526758, 0.554838, 0.552656, 0.532385, 0.51867, 0.499982, 0.476037, 0.525032, 0.504176, 0.499366, 0.47847, 0.518372, 0.49898, 0.427447, 0.50096, 0.483346, 0.499865, 0.415328, 0.356039, 0.326899, 0.335692, 0.360136, 0.361636, 0.335738, 0.342227, 0.365527, 0.339245, 0.35126, 0.351077, 0.363904], "r": [0.557169, 0.550329, 0.534734, 0.541703, 0.525449, 0.546881, 0.567145, 0.547648, 0.567456, 0.616453, 0.614601, 0.604171, 0.643582, 0.629074, 0.61416, 0.653258, 0.691351, 0.669536, 0.703514, 0.692581, 0.707201, 0.727247, 0.697836, 0.675717, 0.664386, 0.67035, 0.692821, 0.686923, 0.716315, 0.735531, 0.746756, 0.74832, 0.729308, 0.728349, 0.730953, 0.721148, 0.748617, 0.746524, 0.758809, 0.739971, 0.727481, 0.696281, 0.612239, 0.627779, 0.527439, 0.545284, 0.601753, 0.61048, 0.615337, 0.584847, 0.561984, 0.57241, 0.562666, 0.568323, 0.520581, 0.511582, 0.493227, 0.494792, 0.425222, 0.42241, 0.251826, 0.240831, 0.505499, 0.597335, 0.569901, 0.472245, 0.342653, 0.537583, 0.604771, 0.586085, 0.55242, 0.325596, 0.733674, 0.729591, 0.697003, 0.356783, 0.0914426, 0.0937594, 0.667263, 0.768032, 0.740982, 0.765993, 0.766689, 0.747077, 0.751029, 0.781037, 0.755844, 0.776028, 0.765432, 0.708146, 0.75246, 0.735455, 0.746892, 0.737806, 0.782638, 0.621208, 0.598116, 0.517467, 0.657368, 0.596447, 0.512514, 0.633808, 0.776528, 0.547117, 0.643247, 0.512161, 0.700932, 0.74751, 0.679708, 0.733863, 0.677344, 0.709528, 0.678191, 0.600969, 0.717909, 0.720284, 0.697597, 0.64046, 0.70142, 0.613018, 0.513942, 0.742101, 0.695695, 0.69561, 0.69261, 0.673352, 0.620668, 0.495921, 0.712812, 0.704722, 0.71229, 0.731706, 0.742446, 0.74361, 0.756606, 0.763532, 0.73877, 0.747252, 0.761517, 0.79227, 0.812817, 0.820224, 0.819672, 0.802674, 0.781246, 0.748235, 0.740286, 0.659739, 0.733048, 0.761763, 0.760984, 0.770408, 0.775342, 0.747829, 0.749731, 0.726449, 0.731987, 0.73451, 0.741713, 0.736353, 0.720542, 0.712811, 0.711372, 0.70601, 0.688306, 0.701044, 0.690191, 0.690362, 0.690616, 0.696283, 0.686103, 0.673231, 0.701884, 0.693362, 0.708292, 0.676211, 0.647399, 0.669979, 0.678197, 0.678796, 0.680901, 0.674841, 0.669206, 0.67301, 0.685726, 0.687162, 0.678832, 0.69667], "xl": [444.963, 441.973, 441.975, 441.96, 441.942, 439.127, 439.045, 439.116, 439.089, 436.198, 436.184, 436.169, 436.171, 436.196, 439.038, 439.033, 439.027, 436.169, 436.146, 436.074, 436.103, 436.121, 436.134, 436.154, 436.081, 436.087, 436.068, 436.126, 436.123, 436.045, 433.274, 436.135, 436.187, 436.183, 439.025, 439.068, 441.975, 444.948, 447.868, 459.549, 453.715, 453.7, 450.819, 439.117, 436.041, 433.263, 436.124, 436.142, 436.221, 436.1, 439.084, 441.986, 436.172, 436.119, 436.192, 436.168, 436.147, 438.995, 436.214, 439.009, 439.111, 442.014, 409.67, 335.994, 409.644, 412.656, 415.528, 412.545, 436.102, 444.923, 436.071, 592.027, 436.009, 433.195, 433.213, 645.122, 648.018, 648.005, 648.045, 459.73, 477.339, 503.729, 527.326, 574.367, 612.72, 650.96, 703.91, 736.297, 780.434, 818.73, 860.049, 895.198, 912.922, 918.835, 924.636, 921.732, 924.607, 915.808, 924.605, 924.666, 924.598, 798.164, 833.473, 877.543, 906.976, 924.684, 924.711, 927.456, 927.461, 924.728, 927.471, 927.503, 924.707, 1145.5, 927.646, 930.692, 948.231, 954.18, 974.719, 1148.36, 1145.44, 1042.3, 1065.96, 1092.33, 1118.92, 1154.26, 1142.59, 1160.05, 1233.67, 1251.35, 1260.27, 1266.15, 1269.08, 1269.06, 1269.05, 1269.05, 1269, 1269.05, 1269.03, 1269.03, 1269, 1271.92, 1271.96, 1271.99, 1271.97, 1271.99, 1274.86, 1263.11, 1274.88, 1274.85, 1269.04, 1274.86, 1272.01, 1269.08, 1269.05, 1266.06, 1269.03, 1269.07, 1271.94, 1271.95, 1269.09, 1269.03, 1266.16, 1268.99, 1266.07, 1266.15, 1263.24, 1266.05, 1263.24, 1263.26, 1263.25, 1263.22, 1266.14, 1263.25, 1266.13, 1266.13, 1266.17, 1269.04, 1269, 1271.93, 1269.08, 1268.99, 1269.04, 1269.09, 1266.12, 1269.01, 1268.99, 1269.08], "xr": [359.559, 359.541, 359.604, 362.423, 359.552, 359.492, 353.739, 356.647, 350.766, 347.77, 347.789, 347.783, 342.05, 344.872, 342.072, 342.07, 342.003, 341.868, 339.053, 339.082, 336.077, 338.829, 338.834, 338.868, 336.06, 338.852, 339.022, 339.051, 339.072, 341.861, 341.919, 341.867, 341.835, 341.856, 341.886, 341.855, 341.968, 341.935, 341.983, 341.939, 341.898, 341.895, 341.885, 342.06, 342.025, 341.942, 341.959, 341.951, 341.878, 341.881, 341.868, 341.892, 339.016, 338.932, 336.008, 335.957, 333.116, 324.254, 321.265, 321.286, 318.329, 409.594, 439.038, 439.02, 439.068, 436.014, 412.575, 430.171, 456.73, 506.752, 550.789, 597.913, 621.492, 642.119, 650.952, 648.148, 650.978, 648.154, 459.581, 650.968, 650.952, 650.968, 650.983, 648.054, 648.054, 648.02, 650.904, 650.924, 650.901, 650.895, 650.906, 650.915, 650.909, 650.948, 656.829, 665.606, 674.51, 927.575, 715.58, 739.301, 768.709, 927.503, 927.529, 912.908, 915.882, 962.972, 1010.01, 1048.26, 1086.52, 1118.86, 1139.62, 1157.2, 1157.2, 927.566, 1160.1, 1157.22, 1157.2, 1157.16, 1160.04, 998.197, 1018.89, 1157.21, 1157.2, 1157.21, 1154.2, 1148.4, 1165.95, 1186.64, 1154.3, 1154.24, 1154.22, 1154.3, 1157.12, 1157.13, 1157.23, 1157.24, 1160.08, 1160.07, 1160.15, 1162.92, 1162.99, 1163.08, 1163.14, 1165.94, 1166.03, 1166.14, 1169.03, 1177.78, 1177.82, 1183.57, 1183.72, 1183.71, 1186.49, 1186.6, 1186.62, 1189.46, 1186.72, 1186.71, 1186.7, 1186.69, 1186.72, 1186.72, 1186.73, 1189.46, 1189.51, 1189.49, 1189.58, 1189.58, 1189.6, 1189.59, 1189.65, 1192.48, 1189.62, 1189.7, 1192.49, 1195.42, 1201.31, 1204.3, 1204.28, 1204.28, 1204.27, 1207.12, 1207.13, 1204.33, 1207.17, 1207.13, 1207.15, 1204.31],