{"l": [0.533051, 0.540247, 0.545291, 0.553401, 0.546944, 0.555595, 0.593215, 0.585993, 0.57857, 0.576198, 0.531423, 0.53541, 0.556901, 0.527943, 0.533835, 0.53621, 0.571666, 0.55032, 0.556167, 0.541613, 0.563123, 0.5648, 0.566688, 0.544293, 0.508781, 0.527276, 0.585658, 0.612856, 0.571628, 0.589397, 0.639945, 0.6877, 0.710941, 0.691586, 0.625673, 0.645959, 0.678684, 0.67495, 0.69409, 0.671301, 0.685053, 0.711481, 0.728112, 0.743513, 0.743633, 0.755746, 0.707619, 0.455861, 0.413281, 0.40357, 0.282739, 0.152494, 0.114588, 0.533695, 0.643765, 0.663072, 0.704667, 0.708242, 0.722049, 0.733026, 0.726367, 0.645604, 0.597793, 0.558223, 0.514598, 0.487356, 0.532794, 0.558929, 0.500069, 0.269271, 0.379729, 0.707577, 0.720462, 0.665205, 0.599925, 0.607522, 0.698109, 0.635081, 0.691502, 0.661473, 0.652184, 0.649322, 0.561389, 0.464155, 0.726149, 0.477089, 0.30198, 0.557023, 0.722371, 0.730461, 0.753163, 0.770786, 0.757522, 0.748141, 0.72034, 0.711233, 0.724655, 0.642965, 0.654786, 0.654392, 0.648223, 0.648358, 0.644072, 0.730893, 0.678321, 0.660965, 0.604334, 0.648036, 0.633869, 0.574814, 0.503159, 0.268203, 0.199682, 0.206459], "r": [0.665253, 0.685015, 0.654183, 0.658246, 0.610351, 0.598164, 0.636758, 0.638259, 0.710078, 0.584581, 0.499722, 0.518944, 0.636624, 0.648712, 0.595492, 0.61816, 0.639295, 0.666836, 0.660529, 0.650563, 0.652153, 0.641487, 0.671446, 0.65153, 0.688262, 0.669766, 0.66062, 0.682519, 0.67565, 0.692958, 0.684827, 0.67105, 0.703598, 0.666283, 0.661196, 0.644927, 0.667352, 0.677194, 0.678036, 0.648335, 0.610259, 0.548715, 0.529432, 0.592191, 0.613042, 0.564722, 0.613192, 0.31297, 0.695746, 0.69175, 0.679616, 0.494952, 0.58013, 0.526348, 0.714613, 0.753241, 0.753418, 0.742197, 0.743083, 0.707635, 0.774738, 0.757262, 0.756719, 0.761424, 0.761052, 0.774683, 0.752349, 0.787891, 0.7757, 0.781177, 0.775874, 0.782405, 0.782284, 0.803105, 0.819347, 0.7946, 0.779904, 0.787562, 0.80809, 0.78807, 0.80149, 0.711077, 0.557625, 0.630521, 0.661458, 0.634169, 0.457245, 0.324269, 0.638365, 0.785967, 0.712311, 0.699953, 0.683001, 0.776746, 0.735299, 0.688174, 0.721106, 0.757507, 0.784669, 0.800451, 0.776743, 0.769094, 0.756357, 0.776888, 0.766555, 0.784922, 0.778939, 0.763499, 0.783343, 0.814125, 0.823352, 0.832882, 0.779454, 0.781997], "xl": [368.474, 368.442, 365.573, 371.365, 371.385, 371.333, 368.364, 368.399, 368.415, 368.402, 368.408, 368.385, 368.437, 368.467, 368.483, 371.333, 371.308, 368.466, 368.398, 368.391, 368.454, 368.45, 368.469, 371.393, 386.123, 394.864, 409.654, 412.549, 406.584, 392.05, 371.354, 362.512, 359.552, 347.859, 350.788, 353.663, 356.614, 362.532, 365.384, 365.46, 365.529, 365.479, 365.451, 365.436, 365.421, 365.46, 365.553, 365.36, 238.861, 262.409, 303.644, 342.05, 362.489, 365.522, 365.354, 365.547, 365.598, 368.396, 365.588, 368.354, 374.221, 383.084, 388.992, 409.556, 433.243, 471.451, 515.532, 553.912, 606.849, 624.443, 695.08, 742.148, 786.314, 833.487, 862.885, 892.332, 907.081, 909.999, 915.828, 912.959, 912.889, 689.22, 912.946, 742.23, 921.719, 910.038, 880.354, 909.976, 924.6, 921.668, 918.746, 918.761, 918.745, 921.655, 921.673, 921.76, 927.53, 930.713, 951.072, 959.985, 974.644, 1001.11, 1021.89, 1045.42, 1068.99, 1092.56, 1115.86, 1139.44, 1151.29, 1162.94, 1166.03, 1183.65, 1195.49, 1207.21], "xr": [274.317, 277.156, 277.162, 277.221, 280.12, 280.089, 277.244, 277.152, 274.305, 280.08, 274.207, 265.425, 256.558, 250.727, 247.888, 247.861, 247.856, 250.724, 253.586, 256.558, 253.685, 256.589, 256.589, 256.598, 256.552, 253.664, 253.669, 250.778, 256.611, 259.456, 256.562, 256.522, 253.671, 256.612, 259.455, 256.571, 256.555, 259.455, 256.593, 256.582, 250.721, 247.634, 238.931, 235.953, 224.214, 224.222, 224.293, 230.042, 365.565, 365.468, 365.397, 356.566, 362.531, 409.684, 477.359, 527.411, 577.325, 606.759, 630.301, 642.063, 644.973, 644.934, 642.166, 642.116, 642.069, 642.074, 639.23, 642.106, 639.142, 639.16, 642.113, 642.133, 642.147, 642.115, 642.123, 642.126, 642.133, 644.992, 647.913, 651.037, 668.708, 921.695, 718.55, 924.578, 786.353, 833.308, 901.125, 924.72, 980.698, 1036.46, 1074.76, 1116, 1148.39, 1169.06, 1189.47, 1189.54, 1189.66, 1189.54, 1189.53, 1189.5, 1189.54, 1189.52, 1189.5, 1189.49, 1189.48, 1186.67, 1186.61, 1186.66, 1186.6, 1186.54, 1186.52, 1186.59, 1186.58, 1186.58], "yl": [918.806, 921.682, 921.7, 921.777, 924.641, 921.75, 921.762, 918.821, 921.675, 918.82, 921.74, 924.638, 921.724, 924.63, 924.617, 921.739, 921.675, 921.704, 921.708, 921.726, 921.718, 918.786, 921.74, 918.766, 918.829, 915.863, 910.066, 904.082, 898.19, 903.995, 904.165, 912.978, 927.53, 930.558, 933.513, 942.323, 951.061, 954.154, 962.972, 974.578, 968.83, 971.71, 971.75, 971.746, 971.827, 974.6, 974.576, 974.627, 880.558, 883.44, 898.195, 942.299, 930.587, 957.121, 968.761, 968.849, 968.826, 965.916, 962.926, 957.042, 951.191, 945.279, 933.583, 912.96, 892.342, 880.433, 877.495, 877.585, 880.443, 918.767, 912.865, 930.562, 951.051, 957.059, 957.161, 971.776, 974.687, 977.71, 977.704, 977.733, 977.662, 915.834, 977.757, 901.07, 977.672, 974.695, 924.695, 974.753, 974.607, 974.764, 974.714, 974.669, 974.598, 971.767, 968.761, 962.924, 954.071, 942.333, 927.532, 907.054, 898.201, 883.518, 883.558, 883.555, 886.509, 895.248, 904.084, 903.983, 909.944, 918.818, 924.668, 930.5, 930.638, 930.483], "yr": [921.761, 918.807, 921.69, 921.705, 924.586, 924.628, 915.902, 912.909, 909.928, 907.067, 918.765, 924.701, 930.577, 933.511, 936.441, 936.44, 942.323, 933.584, 933.555, 930.691, 933.511, 936.492, 933.464, 933.615, 933.513, 933.594, 933.523, 936.428, 939.351, 936.519, 936.528, 942.361, 930.686, 930.673, 930.591, 930.689, 930.7, 933.49, 930.707, 930.573, 930.596, 936.484, 936.435, 930.489, 930.595, 933.538, 945.316, 880.517, 971.792, 968.784, 965.934, 948.179, 948.262, 954.19, 957.127, 971.766, 974.629, 971.764, 974.638, 977.615, 977.774, 977.641, 977.736, 977.749, 977.737, 977.77, 977.694, 977.733, 977.646, 974.827, 974.745, 974.757, 974.715, 974.662, 974.703, 971.811, 968.842, 962.998, 954.22, 948.181, 930.608, 977.785, 904.094, 977.768, 892.327, 904.036, 954.158, 954.092, 957.169, 971.703, 974.581, 974.715, 974.667, 974.727, 977.605, 977.767, 977.683, 977.749, 977.762, 977.701, 977.686, 977.625, 977.612, 977.604, 977.602, 974.815, 977.565, 974.834, 974.808, 974.693, 974.629, 974.76, 974.714, 974.791]}