{"l": [0.693808, 0.705717, 0.721509, 0.723558, 0.718293, 0.717981, 0.721798, 0.725472, 0.718606, 0.725636, 0.725115, 0.721972, 0.723972, 0.739167, 0.781288, 0.754557, 0.761951, 0.715992, 0.759172, 0.741836, 0.748316, 0.761638, 0.749879, 0.768203, 0.759693, 0.752522, 0.751168, 0.744159, 0.729711, 0.730801, 0.732791, 0.744053, 0.727638, 0.720598, 0.737178, 0.747324, 0.723958, 0.694201, 0.699641, 0.694109, 0.701318, 0.699433, 0.689755, 0.678622, 0.674007, 0.653848, 0.647978, 0.658325, 0.648187, 0.645423, 0.648552, 0.666044, 0.686309, 0.679386, 0.6727, 0.666425, 0.696921, 0.693813, 0.695686, 0.702791, 0.712819, 0.699704, 0.703082, 0.693851, 0.692778, 0.616551, 0.608064, 0.658807, 0.689373, 0.696879, 0.687317, 0.678909, 0.672031, 0.640795, 0.609881, 0.667703, 0.665042, 0.589465, 0.641902, 0.65283, 0.663409, 0.640025, 0.694491, 0.714457, 0.687925, 0.699761, 0.690507, 0.714935, 0.715842, 0.671549, 0.669151, 0.652644, 0.664128, 0.67376, 0.624433, 0.119321, 0.174596, 0.15029, 0.304425, 0.393002, 0.60572, 0.689165, 0.745449, 0.753465, 0.723767, 0.757456, 0.724496, 0.656581, 0.620931, 0.511571, 0.804998, 0.772601, 0.759504, 0.674986, 0.660154, 0.72104, 0.74453, 0.685694, 0.584303, 0.154934, 0.459535, 0.619794, 0.693948, 0.623624, 0.64319, 0.703135, 0.722729, 0.728246, 0.614141, 0.653493, 0.704625, 0.693911, 0.707769, 0.747755, 0.727637, 0.714322, 0.614988, 0.435748, 0.687418, 0.715803, 0.430672, 0.336422, 0.253606, 0.471147, 0.778329, 0.741266, 0.76391, 0.772631, 0.764585, 0.768297, 0.776807, 0.791286, 0.79585, 0.787531, 0.738053, 0.789689, 0.733324, 0.755231, 0.783204, 0.164068, 0.730526, 0.705689, 0.712362, 0.692473, 0.767211, 0.718789, 0.694368, 0.711741, 0.794572, 0.765162, 0.781954, 0.785306, 0.742563, 0.724497, 0.76322, 0.800489, 0.778544, 0.776755, 0.803103, 0.796493, 0.781498, 0.769357, 0.740406, 0.756213, 0.770948, 0.806224, 0.82685, 0.812917, 0.830196, 0.831748, 0.797306, 0.80411, 0.790142, 0.786323, 0.782518, 0.772425, 0.757349, 0.741636, 0.75746, 0.755096, 0.741288], "r": [0.687062, 0.709168, 0.724094, 0.737914, 0.723028, 0.729654, 0.724632, 0.728382, 0.730636, 0.721968, 0.716009, 0.724909, 0.726383, 0.717889, 0.705797, 0.67263, 0.677601, 0.667914, 0.676772, 0.683308, 0.716425, 0.679854, 0.704706, 0.72654, 0.659347, 0.654006, 0.615067, 0.617361, 0.657792, 0.648652, 0.646606, 0.641697, 0.637578, 0.651664, 0.629654, 0.612771, 0.615416, 0.61761, 0.609341, 0.607356, 0.601456, 0.617187, 0.602484, 0.608659, 0.60974, 0.632864, 0.618694, 0.622285, 0.625746, 0.632132, 0.629123, 0.621092, 0.635242, 0.640623, 0.621872, 0.626505, 0.628339, 0.69162, 0.689475, 0.693407, 0.698038, 0.694407, 0.698433, 0.69691, 0.692382, 0.676941, 0.65537, 0.648497, 0.631572, 0.625898, 0.647016, 0.648396, 0.676767, 0.700352, 0.668341, 0.686748, 0.681806, 0.685028, 0.669881, 0.642577, 0.63212, 0.672842, 0.644028, 0.643798, 0.581335, 0.607704, 0.542528, 0.522817, 0.440188, 0.467555, 0.519322, 0.514466, 0.5954, 0.584324, 0.579447, 0.605287, 0.652075, 0.771873, 0.574933, 0.538052, 0.687365, 0.692598, 0.574129, 0.705027, 0.618871, 0.687999, 0.707764, 0.689251, 0.644875, 0.30661, 0.791148, 0.76687, 0.794751, 0.808721, 0.793993, 0.787378, 0.810813, 0.817578, 0.82479, 0.866551, 0.888296, 0.84727, 0.831301, 0.817475, 0.822779, 0.827764, 0.831632, 0.8425, 0.859422, 0.797227, 0.84402, 0.80931, 0.753165, 0.792194, 0.757989, 0.739382, 0.704461, 0.546987, 0.683436, 0.670205, 0.672623, 0.720923, 0.514021, 0.642819, 0.607069, 0.724739, 0.728456, 0.73314, 0.748055, 0.747905, 0.74593, 0.761147, 0.721715, 0.724961, 0.762844, 0.771931, 0.801298, 0.770129, 0.77871, 0.652364, 0.760924, 0.747057, 0.797408, 0.792702, 0.799657, 0.806464, 0.787803, 0.772736, 0.776937, 0.793784, 0.781884, 0.820517, 0.821778, 0.81626, 0.814682, 0.840384, 0.826723, 0.844655, 0.847317, 0.842493, 0.850431, 0.858922, 0.853127, 0.851135, 0.86112, 0.858103, 0.852933, 0.861729, 0.867197, 0.856991, 0.86356, 0.868792, 0.868723, 0.86491, 0.862318, 0.866393, 0.877228, 0.85633, 0.862246, 0.857629, 0.857186], "xl": [436.108, 436.108, 436.046, 436.061, 436.044, 436.062, 436.042, 436.051, 436.066, 436.042, 436.042, 436.08, 436.086, 436.001, 433.144, 433.082, 430.258, 427.311, 418.502, 418.474, 421.363, 421.375, 421.415, 418.489, 424.282, 424.274, 424.293, 424.3, 421.423, 424.317, 424.364, 424.373, 424.363, 424.298, 424.334, 424.359, 424.35, 421.355, 418.504, 418.473, 418.514, 418.446, 418.448, 415.597, 415.541, 415.557, 415.493, 415.461, 418.415, 415.505, 415.483, 415.521, 415.496, 412.635, 412.57, 415.473, 415.545, 415.573, 415.585, 415.596, 418.423, 415.548, 412.676, 412.667, 412.606, 409.588, 403.749, 397.789, 392.044, 391.907, 397.817, 406.658, 409.648, 415.499, 427.247, 433.19, 436.006, 436.117, 435.998, 436.019, 436.017, 436, 436.045, 436.09, 436.068, 436.188, 436.217, 436.16, 436.178, 436.142, 439.056, 439.096, 439.026, 441.935, 456.64, 412.561, 421.368, 477.323, 436.225, 436.14, 436.146, 439.041, 439.1, 439.119, 439.066, 439.113, 439.054, 439.02, 439.133, 692.152, 456.628, 462.578, 480.125, 497.927, 521.499, 550.825, 577.491, 612.663, 662.755, 698.094, 742.263, 783.33, 830.537, 865.831, 907.057, 945.294, 968.85, 977.719, 980.672, 986.451, 992.363, 992.337, 992.396, 992.413, 992.408, 992.377, 774.602, 798.113, 833.413, 859.925, 983.538, 1001.18, 965.943, 980.641, 995.355, 995.279, 995.322, 995.356, 998.11, 998.172, 998.131, 998.107, 998.179, 998.199, 998.205, 998.194, 998.263, 1001.29, 1012.99, 1272.02, 1033.53, 1048.32, 1068.81, 1089.41, 1095.49, 1116, 1133.6, 1145.48, 1160.17, 1169.03, 1183.64, 1189.45, 1189.67, 1198.43, 1210.02, 1210.25, 1213.07, 1213.09, 1213.15, 1216.05, 1216.05, 1216.12, 1219.04, 1224.83, 1227.77, 1227.84, 1230.81, 1233.71, 1233.74, 1233.81, 1236.56, 1236.59, 1236.7, 1236.78, 1239.56, 1236.81, 1239.64, 1242.58, 1239.64, 1239.67, 1239.68], "xr": [271.291, 271.327, 271.343, 271.38, 271.351, 271.376, 271.379, 271.364, 271.338, 271.314, 271.311, 271.323, 271.309, 271.33, 271.302, 271.252, 271.244, 271.223, 271.188, 271.186, 271.266, 271.248, 271.415, 274.275, 277.201, 274.327, 283.066, 285.943, 291.86, 291.861, 291.825, 291.868, 291.87, 291.943, 291.86, 291.852, 291.834, 291.897, 291.843, 288.96, 288.927, 288.972, 288.864, 286.04, 288.893, 288.875, 286.024, 288.916, 288.9, 288.916, 291.746, 288.974, 288.977, 291.787, 291.822, 291.841, 291.908, 291.916, 291.945, 291.889, 291.911, 291.891, 291.907, 291.888, 291.928, 291.901, 291.934, 291.828, 288.981, 280.141, 291.836, 294.781, 294.786, 294.817, 294.725, 291.986, 291.974, 291.798, 291.991, 291.939, 291.942, 291.847, 288.868, 285.994, 291.912, 294.76, 297.79, 303.693, 306.612, 315.458, 321.285, 327.215, 350.708, 362.61, 371.404, 412.481, 433.165, 439.111, 456.656, 539.092, 583.244, 618.573, 645.176, 671.543, 686.233, 692.173, 689.256, 692.143, 692.223, 692.244, 692.264, 695.033, 695.048, 695.083, 695.047, 695.041, 695.039, 695.053, 694.996, 692.219, 695, 695.053, 695.042, 695.066, 695.079, 695.069, 695.08, 695.111, 695.091, 695.231, 695.228, 701.03, 715.578, 718.752, 736.244, 753.918, 992.396, 992.42, 995.226, 992.407, 886.416, 927.501, 980.674, 1001.15, 1042.45, 1095.35, 1136.53, 1166.1, 1207.19, 1233.69, 1254.31, 1268.98, 1274.97, 1274.86, 1277.79, 1280.77, 1280.82, 1283.64, 1283.65, 1280.85, 1283.65, 1280.88, 1283.65, 1283.66, 1283.67, 1283.64, 1283.64, 1280.92, 1280.91, 1280.91, 1280.89, 1283.67, 1283.66, 1283.65, 1283.64, 1283.66, 1283.66, 1280.91, 1280.91, 1280.92, 1280.9, 1280.9, 1280.89, 1280.91, 1280.91, 1280.91, 1280.89, 1280.91, 1280.9, 1280.9, 1280.88, 1280.9, 1280.91, 1283.63, 1280.92, 1280.93, 1283.64, 1283.64, 1283.64, 1280.91, 1283.63],