{"l": [0.673175, 0.666363, 0.679023, 0.6773, 0.668221, 0.701674, 0.688371, 0.684318, 0.68209, 0.679723, 0.685459, 0.672933, 0.643233, 0.654732, 0.640524, 0.62947, 0.623647, 0.65031, 0.642785, 0.669978, 0.541232, 0.56242, 0.531999, 0.56556, 0.598578, 0.555666, 0.55377, 0.539247, 0.570155, 0.627391, 0.643311, 0.67558, 0.707892, 0.709183, 0.699376, 0.716011, 0.739859, 0.737261, 0.755736, 0.746815, 0.738726, 0.744667, 0.51446, 0.462521, 0.438183, 0.153423, 0.218052, 0.288246, 0.648146, 0.684171, 0.714732, 0.717229, 0.745061, 0.740391, 0.737337, 0.544026, 0.447803, 0.430135, 0.442688, 0.51684, 0.437984, 0.266983, 0.177093, 0.549296, 0.700681, 0.607364, 0.604911, 0.622727, 0.634746, 0.537599, 0.790988, 0.628631, 0.622459, 0.600477, 0.555618, 0.467105, 0.568385, 0.339015, 0.656802, 0.7975, 0.808143, 0.831969, 0.837286, 0.832105, 0.792425, 0.740582, 0.690787, 0.666995, 0.738952, 0.653933, 0.639126, 0.566611, 0.650283, 0.656958, 0.706318, 0.656728, 0.587873, 0.659913, 0.609445, 0.380584], "r": [0.722534, 0.732452, 0.734116, 0.74004, 0.766871, 0.772625, 0.757311, 0.74555, 0.706927, 0.707513, 0.678237, 0.687043, 0.664602, 0.697775, 0.733259, 0.734644, 0.722243, 0.717703, 0.706845, 0.722809, 0.692202, 0.70278, 0.676868, 0.669913, 0.687312, 0.698998, 0.706447, 0.697367, 0.656275, 0.693092, 0.70295, 0.68225, 0.694051, 0.719781, 0.725058, 0.75195, 0.749575, 0.707109, 0.61373, 0.572996, 0.547162, 0.589193, 0.701399, 0.720313, 0.735155, 0.642592, 0.448967, 0.506612, 0.560248, 0.77211, 0.726559, 0.804545, 0.782979, 0.744442, 0.784803, 0.76109, 0.757284, 0.757535, 0.751785, 0.773739, 0.770701, 0.814274, 0.804949, 0.81507, 0.796583, 0.80517, 0.78577, 0.761575, 0.75146, 0.575618, 0.776736, 0.470095, 0.782004, 0.771944, 0.811382, 0.77699, 0.755665, 0.655591, 0.379743, 0.665793, 0.736148, 0.670592, 0.733447, 0.762718, 0.766058, 0.764101, 0.734977, 0.735419, 0.769091, 0.811359, 0.802674, 0.804179, 0.823532, 0.822318, 0.790209, 0.804663, 0.795043, 0.821005, 0.839859, 0.844489], "xl": [359.528, 359.528, 359.485, 356.641, 356.646, 359.483, 359.535, 359.509, 359.515, 359.602, 359.548, 359.497, 356.572, 356.581, 356.6, 359.504, 359.523, 359.568, 359.538, 359.581, 365.377, 383.065, 380.112, 374.243, 362.609, 359.576, 347.811, 344.925, 341.813, 338.919, 339.027, 335.937, 335.98, 336.072, 338.914, 336.074, 338.872, 338.816, 336.052, 336.085, 336.055, 336.058, 200.546, 218.206, 233.042, 303.676, 315.401, 327.186, 338.983, 336.031, 336.078, 336.001, 336.043, 338.818, 338.994, 347.786, 368.46, 383.106, 415.494, 459.628, 515.607, 577.324, 603.831, 662.781, 715.652, 765.741, 812.941, 853.984, 874.618, 597.998, 880.578, 880.529, 642.125, 671.548, 712.791, 742.307, 792.3, 845.238, 880.536, 880.624, 880.648, 883.351, 880.651, 883.367, 880.646, 883.39, 883.616, 892.33, 904.139, 921.702, 939.433, 960.05, 1001.18, 1027.77, 1048.41, 1077.7, 1101.31, 1127.79, 1142.41, 1157.24], "xr": [271.314, 271.279, 271.279, 271.283, 265.37, 265.334, 259.46, 250.783, 250.773, 250.73, 253.578, 253.582, 253.615, 253.679, 253.65, 253.65, 253.686, 253.679, 253.634, 253.605, 253.687, 253.591, 253.658, 253.628, 253.641, 253.652, 253.589, 253.581, 253.691, 256.536, 256.548, 250.761, 250.745, 250.656, 250.632, 247.815, 247.83, 244.71, 232.979, 224.152, 212.351, 206.536, 338.883, 338.819, 336.017, 335.959, 324.218, 339.033, 400.777, 459.618, 506.858, 553.733, 580.334, 595.047, 595.056, 597.869, 597.914, 597.912, 597.833, 597.866, 594.982, 594.937, 592.111, 595.048, 594.948, 594.993, 595.001, 594.98, 595.079, 883.428, 603.847, 621.503, 883.462, 883.381, 883.437, 883.389, 880.576, 874.646, 903.992, 960.03, 1015.85, 1057.15, 1098.43, 1139.39, 1163, 1166.1, 1166.15, 1171.87, 1171.93, 1171.87, 1169.02, 1169.04, 1169.03, 1169.01, 1168.99, 1168.95, 1168.98, 1166.14, 1166.13, 1166.11], "yl": [933.618, 936.46, 936.426, 936.477, 936.424, 936.411, 936.468, 939.361, 936.441, 933.578, 933.479, 930.636, 933.596, 939.448, 939.352, 939.403, 939.388, 939.432, 939.457, 933.5, 930.701, 930.551, 918.84, 907.049, 906.981, 907.152, 924.686, 927.599, 930.667, 948.247, 951.111, 954.047, 957.032, 965.924, 971.679, 968.844, 965.92, 965.893, 965.883, 965.905, 968.792, 968.761, 918.766, 886.408, 898.194, 904.065, 942.331, 957.028, 965.869, 968.773, 968.802, 965.863, 965.867, 957.128, 951.057, 942.307, 924.66, 907.129, 886.455, 880.478, 874.657, 862.87, 880.529, 915.876, 933.563, 951.279, 957.113, 959.994, 968.865, 957.109, 977.595, 977.646, 921.747, 904.033, 886.442, 898.212, 901.164, 918.828, 971.827, 974.577, 974.698, 974.633, 974.61, 971.757, 968.766, 959.984, 951.223, 948.24, 927.652, 907.146, 898.193, 880.581, 865.841, 877.497, 883.544, 886.454, 901.047, 907.043, 918.758, 930.55], "yr": [924.688, 924.718, 921.763, 924.662, 927.568, 927.553, 930.615, 930.64, 933.6, 936.444, 939.386, 939.404, 936.453, 939.408, 939.444, 939.439, 942.314, 939.363, 939.424, 936.522, 936.498, 945.244, 945.315, 948.121, 942.38, 945.219, 939.416, 936.505, 942.29, 939.399, 939.363, 942.3, 939.443, 939.415, 939.388, 930.662, 930.525, 927.699, 930.526, 933.531, 933.594, 945.299, 965.935, 965.841, 965.836, 965.893, 948.242, 954.063, 968.773, 965.852, 974.607, 974.775, 977.655, 977.748, 980.579, 977.782, 980.574, 980.575, 977.812, 977.785, 977.785, 977.7, 977.705, 977.615, 977.558, 974.79, 974.794, 974.715, 968.874, 974.796, 951.165, 933.556, 977.657, 974.843, 974.762, 974.703, 971.791, 965.92, 951.187, 951.14, 965.914, 968.843, 968.844, 971.735, 974.622, 974.833, 977.649, 977.613, 977.721, 977.593, 974.846, 977.555, 974.771, 974.719, 974.685, 974.721, 974.784, 974.697, 974.574, 974.673]}