{"l": [0.652442, 0.651213, 0.647939, 0.664795, 0.667623, 0.65453, 0.653605, 0.658656, 0.658547, 0.659775, 0.667729, 0.674039, 0.676274, 0.664332, 0.671207, 0.663728, 0.655402, 0.66059, 0.651597, 0.668874, 0.672704, 0.663459, 0.671693, 0.672041, 0.684697, 0.67462, 0.690963, 0.669962, 0.659657, 0.676266, 0.660986, 0.672387, 0.661046, 0.65785, 0.677453, 0.690957, 0.644172, 0.649676, 0.67416, 0.677182, 0.653291, 0.662003, 0.654192, 0.657972, 0.679259, 0.66299, 0.656161, 0.675448, 0.678776, 0.670197, 0.690235, 0.64557, 0.670283, 0.684105, 0.67813, 0.603751, 0.725951, 0.734172, 0.685914, 0.728628, 0.755085, 0.700844, 0.723882, 0.7267, 0.752736, 0.70491, 0.750995, 0.726383, 0.717453, 0.731873, 0.748856, 0.732757, 0.713248, 0.693019, 0.685771, 0.642718, 0.684489, 0.446509, 0.163455, 0.242212, 0.49195, 0.564499, 0.613848, 0.680947, 0.708231, 0.735698, 0.719052, 0.764411, 0.765548, 0.751214, 0.60955, 0.770018, 0.741323, 0.69364, 0.689352, 0.583082, 0.15092, 0.561617, 0.675003, 0.78082, 0.74193, 0.657898, 0.658234, 0.665792, 0.641533, 0.685901, 0.683487, 0.655202, 0.64993, 0.673214, 0.679354, 0.680825, 0.61194, 0.66601, 0.689188, 0.697646, 0.386653, 0.312307, 0.584495, 0.804144, 0.760537, 0.776493, 0.766004, 0.759707, 0.761841, 0.774584, 0.781531, 0.80477, 0.682431, 0.768929, 0.765455, 0.731411, 0.739821, 0.717582, 0.69127, 0.790393, 0.485286, 0.191253, 0.343728, 0.675971, 0.816642, 0.694567, 0.631649, 0.702591, 0.720645, 0.704415, 0.677667, 0.699473, 0.67064, 0.66528, 0.674953, 0.59602, 0.551911, 0.0729888, 0.271941, 0.101443, 0.276104, 0.237978, 0.48947, 0.686703, 0.701962, 0.657164, 0.645721, 0.643405, 0.618816, 0.644426, 0.61345, 0.617499, 0.61824, 0.692262, 0.725886, 0.732866, 0.76208, 0.763079, 0.763519, 0.757686, 0.736784, 0.754011, 0.72976], "r": [0.697439, 0.687385, 0.686702, 0.703333, 0.716971, 0.707551, 0.716724, 0.707595, 0.699595, 0.693876, 0.690909, 0.69223, 0.694718, 0.703934, 0.710518, 0.704105, 0.697133, 0.709735, 0.689247, 0.677377, 0.688184, 0.691759, 0.697162, 0.699868, 0.714736, 0.680014, 0.698607, 0.731646, 0.75161, 0.720141, 0.714264, 0.728047, 0.750717, 0.701952, 0.711715, 0.712172, 0.731727, 0.730088, 0.733343, 0.739973, 0.739959, 0.732609, 0.725998, 0.73853, 0.734224, 0.732134, 0.734676, 0.723059, 0.709911, 0.715775, 0.726405, 0.724586, 0.71642, 0.712731, 0.728902, 0.742748, 0.74025, 0.716487, 0.703396, 0.701093, 0.728371, 0.700377, 0.666723, 0.658428, 0.651681, 0.653199, 0.648023, 0.656, 0.661101, 0.665069, 0.661405, 0.603754, 0.590429, 0.579955, 0.512058, 0.539771, 0.596434, 0.542839, 0.680075, 0.725162, 0.619443, 0.566985, 0.651893, 0.749923, 0.725414, 0.676267, 0.739681, 0.718202, 0.726241, 0.756101, 0.78078, 0.7383, 0.772538, 0.79151, 0.812599, 0.790279, 0.826466, 0.794513, 0.793698, 0.789841, 0.778731, 0.790586, 0.808993, 0.835023, 0.845585, 0.832468, 0.810271, 0.775964, 0.820589, 0.8029, 0.854038, 0.733965, 0.711648, 0.67897, 0.77941, 0.821439, 0.778557, 0.585375, 0.522134, 0.60096, 0.70293, 0.704791, 0.712222, 0.721221, 0.73083, 0.746684, 0.729092, 0.748171, 0.754209, 0.777213, 0.761126, 0.778695, 0.765328, 0.770521, 0.776331, 0.821261, 0.805542, 0.860857, 0.86178, 0.796609, 0.823282, 0.829344, 0.827094, 0.841525, 0.84481, 0.840872, 0.802852, 0.838391, 0.799264, 0.760833, 0.744468, 0.693954, 0.769979, 0.586701, 0.6585, 0.743691, 0.618632, 0.728027, 0.645945, 0.728943, 0.666358, 0.651138, 0.670536, 0.665018, 0.682096, 0.695548, 0.694683, 0.702834, 0.71273, 0.755814, 0.792457, 0.781627, 0.793219, 0.790433, 0.802738, 0.809321, 0.80622, 0.807671, 0.806746], "xl": [503.839, 503.832, 506.64, 503.899, 503.882, 506.66, 506.66, 503.839, 503.807, 503.859, 503.847, 503.807, 503.776, 503.798, 503.803, 503.781, 503.787, 503.817, 503.754, 503.848, 503.804, 503.807, 503.803, 503.761, 503.791, 503.786, 503.783, 503.881, 506.673, 503.815, 503.741, 503.887, 506.684, 503.776, 503.736, 503.808, 503.776, 500.754, 500.819, 503.664, 503.707, 503.698, 497.896, 500.869, 503.841, 503.837, 503.819, 503.878, 506.686, 506.696, 506.862, 509.706, 512.599, 509.628, 503.816, 489.081, 483.185, 480.167, 477.211, 477.246, 477.361, 480.109, 480.285, 480.205, 480.268, 480.221, 480.351, 480.248, 480.247, 480.306, 480.276, 480.252, 480.259, 480.25, 480.236, 480.223, 480.264, 486.174, 480.322, 462.688, 477.319, 480.33, 480.287, 480.244, 480.295, 480.27, 480.243, 480.354, 480.348, 483.266, 494.957, 509.769, 533.316, 565.59, 600.817, 644.958, 692.145, 724.559, 762.733, 806.982, 853.935, 895.203, 927.665, 951.268, 960.014, 954.224, 965.915, 965.845, 965.907, 968.849, 968.81, 968.812, 971.675, 968.86, 971.666, 971.734, 977.678, 948.249, 968.837, 971.754, 968.821, 968.86, 968.818, 971.657, 971.708, 971.755, 971.79, 971.781, 974.628, 989.403, 1001.18, 1024.8, 1048.26, 1080.64, 1110.09, 1142.49, 1183.7, 1233.77, 1260.3, 1295.54, 1327.8, 1348.43, 1348.44, 1339.72, 1336.72, 1339.68, 1336.79, 1339.73, 1342.56, 1342.62, 1342.66, 1342.59, 1230.79, 1324.94, 1345.56, 1345.56, 1310.24, 1327.92, 1330.91, 1336.74, 1336.72, 1339.63, 1339.67, 1339.66, 1339.67, 1339.63, 1339.62, 1339.62, 1339.65, 1339.65, 1339.67, 1339.62, 1336.78, 1336.78, 1336.79, 1336.78, 1339.63, 1336.79, 1336.78], "xr": [371.386, 371.397, 371.409, 374.303, 371.432, 374.267, 374.262, 371.423, 374.273, 374.255, 374.302, 374.259, 371.433, 371.397, 371.412, 371.41, 371.402, 371.395, 371.394, 374.258, 371.427, 371.398, 371.413, 371.422, 371.405, 374.35, 374.314, 374.272, 371.377, 374.313, 377.194, 374.255, 371.381, 374.287, 377.256, 374.334, 374.306, 377.229, 377.22, 377.228, 374.324, 377.196, 380.187, 377.199, 374.313, 374.316, 374.312, 374.354, 374.27, 374.274, 377.247, 377.206, 374.327, 374.338, 368.504, 365.523, 362.613, 365.595, 368.506, 371.344, 368.516, 365.624, 365.591, 365.532, 365.513, 365.48, 365.52, 365.563, 374.334, 374.268, 368.47, 371.374, 368.51, 377.282, 386.084, 386.143, 412.561, 430.187, 456.737, 477.302, 500.788, 527.391, 571.415, 618.484, 645.07, 665.606, 671.469, 668.672, 671.442, 671.437, 671.444, 671.465, 671.457, 671.468, 671.446, 668.718, 668.669, 668.732, 671.468, 671.487, 671.449, 671.447, 671.448, 671.505, 671.537, 671.589, 671.667, 674.525, 689.218, 695.193, 718.561, 742.211, 771.611, 803.971, 836.301, 871.727, 906.992, 953.999, 992.386, 1039.43, 1092.37, 1136.65, 1174.82, 1198.45, 1210.09, 1207.17, 1210.08, 1210.16, 1210.21, 1210.11, 1210.13, 1210.2, 1210.2, 1210.16, 1210.11, 1210.1, 1210.06, 1210.14, 1210.15, 1210.17, 1210.1, 1210.14, 1210.11, 1210.11, 1210.14, 1210.19, 1210.24, 1213.11, 1213.22, 1216.11, 1221.9, 1227.85, 1333.86, 1333.83, 1274.87, 1298.51, 1327.74, 1336.76, 1354.35, 1374.92, 1374.89, 1372.1, 1372.06, 1372.06, 1372.06, 1372.08, 1372.09, 1374.87, 1374.88, 1374.9, 1374.93, 1374.91, 1374.92, 1374.92, 1374.91, 1374.91, 1374.94, 1374.96, 1374.96],