{"l": [0.626163, 0.633365, 0.659389, 0.650614, 0.634489, 0.638082, 0.636469, 0.650911, 0.656837, 0.674058, 0.703553, 0.673689, 0.682426, 0.663082, 0.679183, 0.668106, 0.667221, 0.690125, 0.702598, 0.690088, 0.679816, 0.665954, 0.680821, 0.667136, 0.661869, 0.665406, 0.679685, 0.659504, 0.67959, 0.686064, 0.673566, 0.660254, 0.678009, 0.685704, 0.678797, 0.681525, 0.689538, 0.685133, 0.689991, 0.699541, 0.695304, 0.68874, 0.680194, 0.689846, 0.691179, 0.693406, 0.68853, 0.691826, 0.684155, 0.690148, 0.686715, 0.692862, 0.701863, 0.712336, 0.73322, 0.749416, 0.744428, 0.729213, 0.716089, 0.718655, 0.699991, 0.67477, 0.67198, 0.667532, 0.668728, 0.605017, 0.64978, 0.642082, 0.634345, 0.64622, 0.631696, 0.65117, 0.650368, 0.64521, 0.650023, 0.647847, 0.643709, 0.639703, 0.657584, 0.654592, 0.666738, 0.68331, 0.687078, 0.689382, 0.68889, 0.688141, 0.672423, 0.669076, 0.674095, 0.679022, 0.679878, 0.682132, 0.67598, 0.681491, 0.682723, 0.691693, 0.684134, 0.693431, 0.669853, 0.632221, 0.614143, 0.687662, 0.662018, 0.665628, 0.676534, 0.667829, 0.698278, 0.558271, 0.662423, 0.700486, 0.696386, 0.698559, 0.692871, 0.719341, 0.726007, 0.701875, 0.682096, 0.728624, 0.71397, 0.684364, 0.687996, 0.708058, 0.689845, 0.731232, 0.713416, 0.721248, 0.765423, 0.726575, 0.742054, 0.335303, 0.428551, 0.146672, 0.181874, 0.158701, 0.42975, 0.588651, 0.677967, 0.651912, 0.651448, 0.635922, 0.626586, 0.57096, 0.260769, 0.123808, 0.63989, 0.630017, 0.626482, 0.712568, 0.700235, 0.618495, 0.618731, 0.68156, 0.724974, 0.590874, 0.399289, 0.195242, 0.516545, 0.732526, 0.804982, 0.661804, 0.680714, 0.642744, 0.685471, 0.752318, 0.676978, 0.691847, 0.779052, 0.8006, 0.820973, 0.832868, 0.79396, 0.768895, 0.461385, 0.637949, 0.646448, 0.676686, 0, 0.370447, 0.33933, 0.533937, 0.880592, 0.827875, 0.845086, 0.827964, 0.838741, 0.839474, 0.827561, 0.856863, 0.843847, 0.818908, 0.789538, 0.750832, 0.710985, 0.74564, 0.799725, 0.79435, 0.746798, 0.711117, 0.721259, 0.758144, 0.749508, 0.607006, 0.543783, 0.473888, 0.253073, 0.259956, 0.321222, 0.506297, 0.569314, 0.646383, 0.408534, 0.478239, 0.562039, 0.513889, 0.501666, 0.480384, 0.465825, 0.451797, 0.466047, 0.435953, 0.513359, 0.529538, 0.548393, 0.545813, 0.587647, 0.56462, 0.551683, 0.537785, 0.557757, 0.609826, 0.596919, 0.583569, 0.56834, 0.590129, 0.564604, 0.573482, 0.568723, 0.551675, 0.548881, 0.5464, 0.554249, 0.569171], "r": [0.732685, 0.739106, 0.744622, 0.747972, 0.75713, 0.747654, 0.751897, 0.734948, 0.745208, 0.739045, 0.740861, 0.724408, 0.734657, 0.740425, 0.761983, 0.756129, 0.748284, 0.744469, 0.75638, 0.755888, 0.751351, 0.749797, 0.745901, 0.745748, 0.755376, 0.750197, 0.756396, 0.748173, 0.755159, 0.742283, 0.740418, 0.741186, 0.751846, 0.727044, 0.73627, 0.736059, 0.729453, 0.730415, 0.726631, 0.742204, 0.740049, 0.738938, 0.740155, 0.735311, 0.740402, 0.735923, 0.730323, 0.735729, 0.756161, 0.755216, 0.760271, 0.74198, 0.751893, 0.750692, 0.75174, 0.759506, 0.751134, 0.757229, 0.740504, 0.751947, 0.69682, 0.699937, 0.702063, 0.65295, 0.683295, 0.711154, 0.710939, 0.697161, 0.697067, 0.705613, 0.683106, 0.695646, 0.690464, 0.671734, 0.689028, 0.686129, 0.689912, 0.702543, 0.706587, 0.711691, 0.693559, 0.721503, 0.725493, 0.731931, 0.739307, 0.743028, 0.735429, 0.732954, 0.727632, 0.728094, 0.733324, 0.733841, 0.725711, 0.740461, 0.752044, 0.747184, 0.754769, 0.749013, 0.740139, 0.732368, 0.729493, 0.735786, 0.70356, 0.675708, 0.653628, 0.617641, 0.708105, 0.634101, 0.65352, 0.673274, 0.659881, 0.653791, 0.598242, 0.57871, 0.616307, 0.569166, 0.464702, 0.446315, 0.437929, 0.410959, 0.417916, 0.45602, 0.530463, 0.585823, 0.586974, 0.534429, 0.489736, 0.540478, 0.560921, 0.642817, 0.545097, 0.591018, 0.664679, 0.714361, 0.395332, 0.699357, 0.713525, 0.717516, 0.645101, 0.731138, 0.668542, 0.638744, 0.488143, 0.696659, 0.757687, 0.771883, 0.722051, 0.742603, 0.772236, 0.773646, 0.785144, 0.772691, 0.795773, 0.811201, 0.81536, 0.852047, 0.863132, 0.833068, 0.838285, 0.831648, 0.827901, 0.823486, 0.844441, 0.847078, 0.862804, 0.861467, 0.841742, 0.835541, 0.830339, 0.807411, 0.773054, 0.691504, 0.633136, 0.805614, 0.79785, 0.794674, 0.135349, 0.540928, 0.635131, 0.642624, 0.652353, 0.80655, 0.760731, 0.760226, 0.732808, 0.740126, 0.764577, 0.697302, 0.712242, 0.757952, 0.748461, 0.769668, 0.783545, 0.77915, 0.775837, 0.77203, 0.773825, 0.799036, 0.786077, 0.768109, 0.775283, 0.794002, 0.779462, 0.825281, 0.849823, 0.869858, 0.853189, 0.822381, 0.805042, 0.793511, 0.775238, 0.795331, 0.786613, 0.791458, 0.781786, 0.793301, 0.798879, 0.806107, 0.787108, 0.79511, 0.779169, 0.790035, 0.790629, 0.801697, 0.813742, 0.793385, 0.803053, 0.801187, 0.793286, 0.797752, 0.797398, 0.800995, 0.81188, 0.804606, 0.803303, 0.801568, 0.804055, 0.804183, 0.809944, 0.812815, 0.811615, 0.802942], "xl": [489.125, 492.038, 491.99, 492.031, 489.139, 491.974, 492.005, 492.018, 492.045, 486.189, 486.214, 486.18, 494.917, 489.126, 486.208, 486.195, 491.996, 486.212, 483.343, 486.12, 489.041, 489.112, 486.151, 486.221, 489.029, 486.212, 486.098, 486.182, 486.209, 486.172, 486.172, 486.218, 486.161, 489.042, 489.041, 486.167, 486.168, 486.2, 486.181, 486.081, 486.099, 486.167, 486.195, 489.03, 486.125, 486.212, 486.223, 489.065, 486.212, 486.182, 489.1, 489.055, 486.226, 486.117, 486.131, 483.325, 486.108, 483.275, 486.145, 483.116, 480.373, 480.357, 480.288, 477.195, 474.352, 471.437, 471.432, 462.662, 465.507, 462.654, 462.582, 459.746, 459.75, 459.787, 462.592, 462.57, 462.555, 462.604, 459.765, 459.688, 459.586, 459.593, 456.817, 459.599, 459.755, 459.785, 459.759, 459.742, 462.552, 462.546, 459.689, 459.71, 462.614, 459.719, 462.565, 462.542, 462.632, 462.658, 459.749, 459.781, 462.663, 459.647, 450.837, 439.015, 433.206, 433.026, 427.242, 421.398, 421.428, 427.302, 427.238, 427.296, 427.293, 430.081, 427.286, 427.183, 424.325, 421.406, 424.259, 421.345, 421.353, 418.476, 418.455, 418.436, 415.545, 418.394, 424.299, 424.309, 430.115, 347.818, 377.285, 421.374, 412.653, 480.13, 424.292, 421.334, 421.416, 421.324, 421.367, 418.503, 418.397, 415.494, 680.386, 677.491, 433.004, 433.234, 439.076, 456.602, 477.323, 489.114, 518.527, 550.811, 583.227, 627.46, 659.821, 709.783, 745.223, 786.457, 833.308, 874.588, 907.013, 945.224, 968.81, 977.714, 983.561, 989.421, 995.245, 995.245, 995.344, 998.111, 995.312, 995.321, 762.851, 801.059, 827.522, 857.088, 929.184, 1001.28, 965.905, 992.283, 998.251, 995.298, 995.328, 995.352, 998.097, 995.353, 995.359, 998.116, 998.115, 998.12, 998.099, 998.301, 1001.29, 1012.92, 1021.92, 1033.52, 1057.17, 1077.76, 1104.22, 1136.56, 1163.01, 1192.5, 1224.92, 1257.36, 1298.48, 1327.89, 1333.86, 1351.45, 1357.33, 1374.87, 1374.89, 1378.04, 1383.9, 1389.76, 1395.52, 1389.75, 1392.59, 1392.63, 1392.6, 1389.75, 1395.55, 1392.66, 1392.7, 1392.65, 1392.59, 1392.6, 1386.76, 1389.69, 1386.81, 1392.62, 1392.66, 1392.61, 1392.71, 1392.69, 1392.6, 1392.66, 1392.63, 1395.49, 1392.62, 1389.72, 1395.51, 1395.52],