{"l": [0.686849, 0.661062, 0, 0.686342, 0.676897, 0.673015, 0.679117, 0.683049, 0.678109, 0.690534, 0.694203, 0.688095, 0.690774, 0.68091, 0.685683, 0.688849, 0.681856, 0.680831, 0.666954, 0.67317, 0.668647, 0.672112, 0.666214, 0.668388, 0.673167, 0.672348, 0.665717, 0.665648, 0.66508, 0.667551, 0.661094, 0.689657, 0.697427, 0.697508, 0.689749, 0.698218, 0.697322, 0.687961, 0.680416, 0.675739, 0.680699, 0.688305, 0.68209, 0.688133, 0.685241, 0.682646, 0.685393, 0.68039, 0.684986, 0.693071, 0.692329, 0.685716, 0.687139, 0.692284, 0.684288, 0.689688, 0.687207, 0.688351, 0.685067, 0.674607, 0.673381, 0.680403, 0.676657, 0.668624, 0.675309, 0.677675, 0.680349, 0.67967, 0.68223, 0.681351, 0.667985, 0.676114, 0.678339, 0.67255, 0.672703, 0.673193, 0.676417, 0.675567, 0.67801, 0.671719, 0.675974, 0.68661, 0.676153, 0.66515, 0.676893, 0.682018, 0.675484, 0.676812, 0.665872, 0.671812, 0.679965, 0.689156, 0.701803, 0.724225, 0.723516, 0.691617, 0.691806, 0.689653, 0.685903, 0.691593, 0.672765, 0.678906, 0.693022, 0.714402, 0.68161, 0.675041, 0.60681, 0.627218, 0.735542, 0.739531, 0.633696, 0.699727, 0.717473, 0.779585, 0.757378, 0.707308, 0.707715, 0.716517, 0.689315, 0.667328, 0.689966, 0.716002, 0.731699, 0.7466, 0.732023, 0.733676, 0.727852, 0.735114, 0.735494, 0.741721, 0.724894, 0.708365, 0.708708, 0.697953, 0.304903, 0.12391, 0.16549, 0.499425, 0.428614, 0.643783, 0.667679, 0.707088, 0.713523, 0.737652, 0.725783, 0.727553, 0.754856, 0.755625, 0.722428, 0.733681, 0.699147, 0.682139, 0.288047, 0.209727, 0.351521, 0.655488, 0.659627, 0.765242, 0.704722, 0.682473, 0.644646, 0.692571, 0.683328, 0.663627, 0.712867, 0.745206, 0.754531, 0.743426, 0.735439, 0.736593, 0.770948, 0.772772, 0.771608, 0.743243, 0.116038, 0.390957, 0.430979, 0.374273, 0.771249, 0.829509, 0.804011, 0.818709, 0.822626, 0.82359, 0.819901, 0.824932, 0.8314, 0.807198, 0.779454, 0.780685, 0.730217, 0.747223, 0.809613, 0.835358, 0.769093, 0.755102, 0.666341, 0.635316, 0.479375, 0.522337, 0.216597, 0.388164, 0.615441, 0.722256, 0.705884, 0.700081, 0.66455, 0.617097, 0.615574, 0.693163, 0.700104, 0.716671, 0.702779, 0.7166, 0.709948, 0.709038, 0.701697, 0.69725, 0.694606, 0.689146, 0.687244, 0.687316, 0.658704, 0.661188, 0.664321, 0.662474, 0.412017, 0.375337, 0.18226, 0.213441, 0.140924, 0.122565, 0.110065, 0.366267, 0.390039, 0.450808, 0.36615, 0.361643, 0.39453, 0.391561, 0.382338, 0.418219, 0.439686, 0.423426, 0.408126, 0.412106, 0.412405, 0.446832, 0.458629, 0.442751, 0.427816], "r": [0.798595, 0.79518, 0, 0.784226, 0.797005, 0.787986, 0.786781, 0.802225, 0.813259, 0.8096, 0.822833, 0.804892, 0.809741, 0.803651, 0.8041, 0.784745, 0.803272, 0.803398, 0.803938, 0.795938, 0.793614, 0.80192, 0.809734, 0.825441, 0.822858, 0.819041, 0.810541, 0.811184, 0.806418, 0.817689, 0.807497, 0.783075, 0.792286, 0.800225, 0.795016, 0.803322, 0.803243, 0.799629, 0.784415, 0.77843, 0.784632, 0.77678, 0.778459, 0.776983, 0.778261, 0.779307, 0.780383, 0.779778, 0.777533, 0.768895, 0.781589, 0.777139, 0.773417, 0.780429, 0.784127, 0.782365, 0.792399, 0.790969, 0.785483, 0.778407, 0.786521, 0.795096, 0.796829, 0.789686, 0.783145, 0.776945, 0.784662, 0.785803, 0.80357, 0.807968, 0.794453, 0.798614, 0.799813, 0.801548, 0.788922, 0.782313, 0.781127, 0.767214, 0.775103, 0.784631, 0.78079, 0.783041, 0.78586, 0.787261, 0.790809, 0.797985, 0.789594, 0.756727, 0.761977, 0.764779, 0.746356, 0.730018, 0.728747, 0.715806, 0.732495, 0.734314, 0.735221, 0.740232, 0.730942, 0.733541, 0.739022, 0.74781, 0.741071, 0.746327, 0.751064, 0.732451, 0.753034, 0.735456, 0.759724, 0.765347, 0.730056, 0.717272, 0.722577, 0.74523, 0.770022, 0.779677, 0.796901, 0.802031, 0.788104, 0.791524, 0.795963, 0.775121, 0.742485, 0.747769, 0.730163, 0.705977, 0.653378, 0.608305, 0.631367, 0.583511, 0.369875, 0.437868, 0.52575, 0.57503, 0.612801, 0.708269, 0.772175, 0.583984, 0.474854, 0.80001, 0.683361, 0.714819, 0.70785, 0.689711, 0.769435, 0.783745, 0.781726, 0.787358, 0.742978, 0.750111, 0.787361, 0.764055, 0.744988, 0.848863, 0.842396, 0.827626, 0.801125, 0.800408, 0.771526, 0.788659, 0.785705, 0.807262, 0.8135, 0.804813, 0.777812, 0.785735, 0.806242, 0.802243, 0.788293, 0.804524, 0.758695, 0.688533, 0.710942, 0.707943, 0.729165, 0.718039, 0.532651, 0.747792, 0.654185, 0.64286, 0.657654, 0.697731, 0.771527, 0.73201, 0.722099, 0.750898, 0.771312, 0.793674, 0.80754, 0.821889, 0.803542, 0.831669, 0.862703, 0.86959, 0.85079, 0.826351, 0.805168, 0.862288, 0.839952, 0.876905, 0.921715, 0.938919, 0.868496, 0.874671, 0.863773, 0.83591, 0.833535, 0.83228, 0.842722, 0.834307, 0.829271, 0.849524, 0.85175, 0.848007, 0.806788, 0.795153, 0.761069, 0.770882, 0.811599, 0.809841, 0.737137, 0.727129, 0.797326, 0.737958, 0.774392, 0.684392, 0.826173, 0.791554, 0.81394, 0.824566, 0.738051, 0.689859, 0.737925, 0.673154, 0.66229, 0.714481, 0.673693, 0.739046, 0.835516, 0.794782, 0.775879, 0.800779, 0.788394, 0.784037, 0.757434, 0.767947, 0.767626, 0.772326, 0.779591, 0.752897, 0.740126], "xl": [521.398, 518.531, 518.5215, 518.512, 518.542, 518.484, 515.586, 518.526, 518.553, 518.55, 521.447, 518.509, 515.56, 518.466, 518.525, 518.459, 512.682, 512.661, 515.549, 515.534, 515.559, 515.546, 515.582, 515.529, 512.652, 512.662, 512.693, 515.571, 515.602, 515.557, 515.54, 512.681, 518.484, 518.491, 518.494, 518.497, 518.508, 518.475, 515.591, 515.597, 515.607, 515.615, 518.473, 518.491, 518.46, 515.619, 518.458, 515.625, 518.47, 518.488, 518.517, 518.511, 518.481, 515.625, 518.482, 518.495, 518.486, 518.483, 518.494, 515.613, 518.47, 515.555, 515.52, 512.691, 515.54, 512.629, 512.654, 512.622, 512.592, 512.66, 512.672, 512.625, 512.661, 515.524, 512.671, 512.652, 512.7, 515.548, 515.544, 515.555, 515.564, 512.671, 512.648, 515.521, 512.652, 512.7, 515.52, 515.553, 512.698, 515.552, 515.609, 515.627, 518.556, 521.4, 521.39, 521.395, 521.426, 521.422, 521.442, 521.426, 524.319, 521.496, 524.301, 524.425, 521.466, 524.419, 521.433, 512.58, 506.711, 503.693, 497.847, 480.324, 477.315, 480.258, 483.236, 483.203, 486.135, 486.091, 486.105, 483.308, 489.032, 489.023, 486.184, 486.208, 486.179, 486.14, 486.196, 486.151, 486.141, 486.127, 486.123, 486.128, 486.184, 489.047, 497.931, 489.1, 497.888, 492.011, 489.068, 483.272, 486.157, 486.159, 486.13, 486.141, 489.094, 489.136, 492.021, 503.731, 512.676, 530.277, 553.81, 574.506, 621.562, 648.024, 695.057, 718.65, 756.9, 789.243, 830.479, 859.95, 886.434, 906.951, 915.881, 907.107, 915.884, 921.687, 921.734, 921.73, 921.764, 924.562, 924.616, 924.675, 924.721, 924.67, 910.14, 927.657, 909.979, 918.772, 927.571, 927.625, 924.641, 924.703, 924.708, 924.724, 924.73, 927.48, 927.478, 927.464, 927.451, 927.617, 930.502, 933.548, 951.126, 968.765, 992.346, 1018.74, 1042.33, 1068.86, 1121.94, 1142.42, 1186.68, 1213.28, 1242.57, 1277.85, 1298.46, 1310.29, 1327.88, 1330.83, 1330.81, 1339.68, 1342.61, 1345.53, 1342.64, 1345.51, 1345.5, 1345.5, 1342.62, 1342.55, 1342.62, 1342.63, 1342.63, 1345.53, 1342.62, 1339.68, 1342.6, 1339.68, 1342.61, 1345.56, 1351.46, 1351.52, 1348.53, 1304.37, 1324.92, 1307.44, 1322.05, 1327.88, 1327.9, 1330.81, 1330.98, 1333.75, 1333.89, 1339.67, 1339.68, 1342.55, 1336.76, 1336.77, 1336.77, 1342.56, 1339.7, 1339.67, 1339.67],