{"l": [0.753609, 0.757572, 0.750129, 0.746553, 0.751369, 0.763486, 0.759265, 0.757411, 0.764863, 0.746494, 0.749965, 0.751246, 0.75017, 0.760786, 0.754338, 0.751747, 0.756138, 0.76074, 0.760238, 0.75031, 0.740851, 0.743277, 0.756883, 0.748665, 0.745681, 0.719574, 0.694069, 0.717031, 0.71083, 0.730157, 0.724625, 0.716777, 0.727663, 0.733271, 0.724514, 0.731207, 0.741264, 0.731869, 0.727875, 0.734597, 0.736112, 0.743718, 0.719708, 0.747261, 0.744835, 0.751221, 0.766465, 0.757567, 0.765296, 0.753309, 0.774363, 0.780443, 0.773298, 0.737265, 0.719754, 0.723951, 0.715418, 0.706348, 0.70622, 0.701232, 0.73023, 0.712884, 0.727557, 0.704728, 0.734532, 0.710913, 0.735865, 0.698734, 0.731026, 0.693654, 0.719502, 0.718764, 0.642765, 0.673202, 0.736643, 0.723999, 0.687544, 0.713523, 0.720902, 0.724266, 0.718623, 0.728501, 0.732165, 0.752126, 0.740294, 0.747215, 0.750258, 0.764688, 0.74308, 0.733067, 0.711849, 0.714513, 0.660859, 0.274181, 0.509692, 0.269956, 0.317311, 0.612969, 0.566263, 0.368195, 0.543553, 0.491966, 0.452255, 0.543644, 0.494372, 0.547069, 0.347412, 0.581771, 0.776286, 0.72226, 0.816788, 0.796137, 0.755881, 0.747218, 0.709788, 0.686818, 0.572928, 0.693638, 0.518368, 0.194611, 0.530446, 0.657443, 0.728656, 0.660592, 0.676409, 0.667967, 0.637697, 0.692277, 0.678358, 0.642618, 0.703132, 0.735653, 0.739509, 0.772254, 0.756102, 0.770177, 0.639422, 0.707837, 0.697425, 0.711408, 0.623985, 0.292324, 0.313119, 0.295345, 0.613889, 0.775817, 0.763322, 0.808357, 0.824169, 0.820034, 0.800259, 0.31711, 0.289523, 0.786382, 0.785305, 0.774769, 0.567725, 0.14427, 0.77876, 0.803709, 0.760786, 0.86941, 0.826481, 0.754231, 0.797434, 0.786527, 0.738672, 0.673534, 0.75623, 0.70256, 0.746745, 0.78949, 0.746942, 0.734069, 0.71038, 0.750889, 0.770876, 0.752415, 0.756252, 0.7611, 0.746211, 0.740002, 0.745425, 0.751722, 0.741852, 0.738445, 0.745368, 0.74819, 0.745414, 0.744393, 0.715071, 0.702381, 0.699124, 0.709321, 0.721997, 0.714308, 0.753068, 0.807026, 0.789037], "r": [0.701054, 0.709811, 0.713865, 0.714426, 0.723199, 0.713258, 0.71233, 0.728712, 0.710453, 0.699799, 0.704587, 0.704471, 0.726515, 0.715999, 0.722477, 0.71765, 0.721049, 0.725773, 0.712955, 0.726252, 0.722819, 0.70108, 0.695806, 0.717176, 0.715507, 0.74508, 0.668665, 0.719275, 0.621392, 0.706447, 0.710569, 0.702067, 0.678671, 0.682862, 0.673627, 0.689794, 0.704853, 0.710072, 0.685839, 0.70626, 0.681718, 0.664598, 0.643879, 0.660746, 0.665747, 0.633026, 0.660393, 0.666198, 0.664539, 0.633403, 0.599265, 0.612144, 0.625033, 0.664941, 0.666156, 0.680627, 0.682117, 0.658907, 0.655493, 0.663014, 0.675564, 0.658875, 0.683062, 0.654548, 0.637937, 0.618864, 0.63439, 0.615828, 0.615781, 0.563958, 0.550227, 0.586033, 0.586672, 0.611484, 0.619371, 0.607351, 0.578201, 0.570153, 0.612473, 0.598935, 0.58503, 0.5677, 0.561505, 0.46352, 0.493412, 0.539356, 0.459055, 0.459359, 0.484028, 0.38821, 0.535191, 0.56899, 0.627716, 0.482881, 0.646435, 0.729145, 0.697713, 0.575857, 0.618092, 0.608242, 0.757572, 0.676641, 0.670205, 0.65756, 0.200514, 0.161857, 0.581757, 0.605245, 0.735513, 0.782808, 0.778079, 0.793728, 0.815507, 0.807322, 0.833781, 0.843583, 0.86656, 0.908473, 0.858307, 0.8548, 0.905636, 0.876567, 0.888175, 0.884961, 0.881354, 0.897531, 0.895909, 0.910056, 0.908168, 0.877846, 0.868575, 0.90563, 0.8083, 0.860983, 0.780379, 0.765198, 0.710934, 0.708843, 0.719534, 0.68741, 0.675101, 0.579539, 0.557277, 0.69171, 0.507205, 0.702927, 0.755938, 0.747985, 0.703884, 0.784267, 0.777008, 0.603264, 0.595986, 0.742679, 0.753635, 0.702467, 0.797224, 0.391626, 0.769547, 0.784039, 0.768465, 0.790998, 0.793665, 0.791835, 0.800479, 0.793966, 0.806539, 0.80471, 0.810147, 0.808068, 0.807284, 0.79721, 0.799385, 0.806995, 0.811183, 0.816813, 0.822904, 0.822146, 0.813554, 0.822819, 0.81914, 0.810717, 0.823167, 0.823554, 0.832288, 0.841185, 0.840479, 0.841448, 0.834767, 0.816278, 0.808025, 0.817633, 0.816702, 0.793342, 0.781125, 0.782065, 0.783971, 0.779111, 0.774109], "xl": [477.317, 477.289, 477.276, 477.295, 477.295, 477.27, 477.277, 477.255, 477.25, 477.239, 477.245, 477.251, 477.235, 477.255, 477.253, 477.276, 477.252, 477.271, 477.272, 477.261, 477.25, 477.26, 477.29, 477.295, 477.325, 477.357, 477.259, 477.219, 474.387, 477.222, 477.206, 477.205, 477.211, 477.232, 477.251, 477.228, 477.209, 474.372, 477.199, 477.207, 474.408, 477.219, 477.22, 477.213, 477.254, 477.256, 477.212, 477.251, 477.249, 477.253, 477.261, 477.266, 477.321, 477.343, 480.138, 480.164, 480.145, 480.186, 480.194, 480.201, 480.219, 480.27, 480.305, 477.334, 462.623, 456.616, 453.808, 453.68, 453.785, 450.827, 453.801, 459.598, 462.606, 474.337, 480.119, 480.294, 483.184, 483.138, 483.157, 483.23, 483.202, 483.26, 483.285, 486.095, 486.163, 486.206, 486.202, 489.022, 489.023, 486.175, 486.22, 489.108, 489.124, 412.492, 450.805, 474.393, 483.082, 497.851, 495.012, 606.862, 486.162, 674.46, 483.316, 486.105, 721.627, 721.608, 721.604, 733.354, 733.411, 733.414, 503.866, 521.452, 533.225, 553.812, 577.385, 603.862, 636.201, 668.645, 703.948, 736.341, 789.445, 821.715, 877.481, 918.786, 954.051, 983.565, 1012.97, 1024.77, 1027.72, 1030.6, 1036.51, 1039.46, 1042.29, 1042.32, 1042.29, 1042.32, 809.793, 836.308, 860.014, 895.229, 918.804, 1030.68, 1024.86, 1027.69, 1039.5, 1042.33, 1042.35, 1042.46, 1045.21, 1045.19, 1045.21, 1295.52, 1304.46, 1045.3, 1045.31, 1045.38, 1316.13, 1036.53, 1048.29, 1051.28, 1060.05, 1071.77, 1086.58, 1098.33, 1115.96, 1124.88, 1139.62, 1157.16, 1163.05, 1168.96, 1183.69, 1186.64, 1189.56, 1192.55, 1195.42, 1201.3, 1201.35, 1204.29, 1201.35, 1201.3, 1195.51, 1195.49, 1195.45, 1195.48, 1195.5, 1198.36, 1198.36, 1198.36, 1198.37, 1198.37, 1198.37, 1198.41, 1198.45, 1198.4, 1195.52, 1195.45, 1192.52, 1192.55, 1192.55], "xr": [306.646, 309.497, 306.653, 309.486, 309.485, 306.653, 309.476, 309.495, 306.627, 306.616, 306.604, 306.605, 306.594, 306.597, 306.609, 306.644, 309.488, 309.484, 306.631, 309.498, 309.539, 309.505, 309.51, 312.445, 315.471, 318.349, 318.538, 321.419, 330.112, 336.011, 338.874, 338.893, 336.084, 338.911, 339.013, 341.83, 339.084, 341.854, 339.017, 341.811, 339.061, 338.983, 338.926, 339.041, 338.986, 339.073, 341.934, 341.942, 341.921, 341.886, 341.955, 342.007, 342.06, 342.039, 342.017, 344.83, 344.806, 342.038, 344.838, 344.826, 342.047, 342.033, 342.034, 341.996, 341.957, 341.874, 341.927, 341.902, 341.859, 341.948, 344.931, 344.834, 341.993, 341.992, 344.84, 344.842, 344.867, 344.894, 344.842, 342.05, 344.919, 344.894, 344.861, 344.871, 344.836, 342.054, 342, 350.696, 344.89, 353.706, 365.509, 391.952, 403.766, 503.699, 503.765, 480.205, 497.937, 542.089, 571.531, 486.192, 645.116, 489.07, 698.089, 718.676, 730.412, 727.475, 733.355, 486.2, 486.213, 500.826, 736.327, 739.117, 739.115, 739.152, 739.173, 739.181, 739.097, 736.338, 736.215, 733.305, 736.309, 736.283, 736.291, 736.278, 736.265, 739.1, 736.348, 739.141, 736.347, 739.103, 739.207, 739.341, 745.229, 759.89, 765.827, 786.361, 1039.48, 1039.47, 1039.51, 1039.49, 1042.33, 960.046, 995.252, 1042.39, 1065.87, 1118.94, 1160.16, 1192.55, 1230.72, 1260.16, 1283.8, 1301.42, 1045.27, 1310.28, 1310.23, 1313.25, 1045.28, 1322.03, 1322.06, 1324.89, 1324.9, 1324.98, 1324.98, 1325, 1324.96, 1324.97, 1327.74, 1324.95, 1327.76, 1327.77, 1327.77, 1327.83, 1327.82, 1327.86, 1327.82, 1327.77, 1327.75, 1327.78, 1325.02, 1327.76, 1327.78, 1327.75, 1327.8, 1327.77, 1325.02, 1327.78, 1327.77, 1327.78, 1327.78, 1325, 1324.94, 1325.01, 1325, 1324.91, 1322.04, 1322.02, 1322, 1322.07, 1324.89],