{"l": [0.679461, 0.669613, 0.68616, 0.686426, 0.702979, 0.702158, 0.706828, 0.701872, 0.698101, 0.70021, 0.691973, 0.689499, 0.700723, 0.709948, 0.706711, 0.704276, 0.70576, 0.699112, 0.69081, 0.682695, 0.678635, 0.688257, 0.699262, 0.698228, 0.707527, 0.697485, 0.700034, 0.681459, 0.662146, 0.680371, 0.700732, 0.705112, 0.700537, 0.711505, 0.706569, 0.710627, 0.697212, 0.712741, 0.710354, 0.709585, 0.708936, 0.724283, 0.739084, 0.743255, 0.727253, 0.721445, 0.746785, 0.751538, 0.72934, 0.72531, 0.73673, 0.728407, 0.715909, 0.714721, 0.723474, 0.721928, 0.715227, 0.725056, 0.738042, 0.72995, 0.72174, 0.727143, 0.729061, 0.733535, 0.722121, 0.70825, 0.681127, 0.69984, 0.704488, 0.686257, 0.684051, 0.695545, 0.699382, 0.688558, 0.698406, 0.689489, 0.66055, 0.656265, 0.65645, 0.665573, 0.650389, 0.678298, 0.652185, 0.666898, 0.650513, 0.654637, 0.632352, 0.633583, 0.629022, 0.662173, 0.677963, 0.613905, 0.642865, 0.658342, 0.727418, 0.704749, 0.678191, 0.697673, 0.660207, 0.653196, 0.634917, 0.704158, 0.675995, 0.719033, 0.730308, 0.737678, 0.756403, 0.764811, 0.773471, 0.778145, 0.746122, 0.683263, 0.380427, 0.171813, 0.181341, 0.146632, 0.0884355, 0.471631, 0.63027, 0.713279, 0.81176, 0.668199, 0.806583, 0.679736, 0.702465, 0.814469, 0.451454, 0.623973, 0.681013, 0.766979, 0.806486, 0.682393, 0.725944, 0.723954, 0.761766, 0.663487, 0.554928, 0.240425, 0.152264, 0.587202, 0.78775, 0.624412, 0.645097, 0.704018, 0.68817, 0.71305, 0.734032, 0.731173, 0.734372, 0.741119, 0.786991, 0.780638, 0.778925, 0.789735, 0.443257, 0.699029, 0.648773, 0.570642, 0, 0.477959, 0.285056, 0.41303, 0.757526, 0.751239, 0.747569, 0.803402, 0.784337, 0.767833, 0.75995, 0.748348, 0.751441, 0.757993, 0.756125, 0.748453, 0.782345, 0.741739, 0.773389, 0.80558, 0.770017, 0.80409, 0.864027, 0.779801, 0.78952, 0.723455, 0.767223, 0.710878, 0.757814, 0.73811, 0.775929, 0.778153, 0.75339, 0.703366, 0.759125, 0.763881, 0.792158, 0.751231, 0.745773, 0.771941, 0.73213, 0.723219, 0.725867, 0.735617, 0.724284, 0.742115, 0.73279, 0.734239, 0.750908, 0.753185, 0.737532, 0.743638, 0.752514, 0.775514], "r": [0.683182, 0.693392, 0.70774, 0.707453, 0.707658, 0.707643, 0.717836, 0.710273, 0.725737, 0.718623, 0.719518, 0.717978, 0.711066, 0.721663, 0.705327, 0.707499, 0.708521, 0.707443, 0.707527, 0.709422, 0.715419, 0.713736, 0.714072, 0.718694, 0.715721, 0.714382, 0.724804, 0.704168, 0.714069, 0.728074, 0.739702, 0.73746, 0.733844, 0.732327, 0.726247, 0.72696, 0.731998, 0.723994, 0.722656, 0.728829, 0.731824, 0.731161, 0.732848, 0.722209, 0.727886, 0.728326, 0.740404, 0.746013, 0.750755, 0.73004, 0.737818, 0.681407, 0.651946, 0.726898, 0.745899, 0.736494, 0.704808, 0.701946, 0.668391, 0.651707, 0.666904, 0.665113, 0.668342, 0.687161, 0.67384, 0.693101, 0.695174, 0.678025, 0.67933, 0.669597, 0.660073, 0.675488, 0.673476, 0.66954, 0.664023, 0.666992, 0.658007, 0.676084, 0.676953, 0.648841, 0.673155, 0.692211, 0.681368, 0.686901, 0.662652, 0.687861, 0.69376, 0.693081, 0.670999, 0.636464, 0.697087, 0.543628, 0.552085, 0.557544, 0.581582, 0.606883, 0.62347, 0.66024, 0.653527, 0.672905, 0.688846, 0.640519, 0.641733, 0.583509, 0.567416, 0.562794, 0.49792, 0.307217, 0.464559, 0.51094, 0.439275, 0.592848, 0.614174, 0.636374, 0.598011, 0.780869, 0.56479, 0.60771, 0.682358, 0.664636, 0.707022, 0.635883, 0.642334, 0.688653, 0.717166, 0.732934, 0.587667, 0.734327, 0.753182, 0.706511, 0.747913, 0.756804, 0.744583, 0.734394, 0.752621, 0.785251, 0.777577, 0.824248, 0.826277, 0.819637, 0.811906, 0.811842, 0.808716, 0.800427, 0.797343, 0.831371, 0.826763, 0.815402, 0.793112, 0.834475, 0.797315, 0.805431, 0.755981, 0.704545, 0.691989, 0.792878, 0.782251, 0.725564, 0.80332, 0.618646, 0.530941, 0.753805, 0.595587, 0.758685, 0.841947, 0.745936, 0.784, 0.793626, 0.735807, 0.679828, 0.688039, 0.700758, 0.71956, 0.75066, 0.780139, 0.783722, 0.780872, 0.74963, 0.754823, 0.722047, 0.78289, 0.78933, 0.760671, 0.769986, 0.769022, 0.775241, 0.754025, 0.760545, 0.769284, 0.773923, 0.771426, 0.769717, 0.755365, 0.759116, 0.756693, 0.763981, 0.767559, 0.771797, 0.766033, 0.760234, 0.75791, 0.760138, 0.7736, 0.769181, 0.76636, 0.777287, 0.775404, 0.775624, 0.764073, 0.764952, 0.77431, 0.788258], "xl": [471.369, 465.575, 465.594, 465.582, 465.511, 465.496, 465.513, 462.69, 462.654, 462.611, 462.654, 462.679, 462.621, 462.633, 462.66, 462.633, 462.62, 462.612, 462.636, 462.675, 462.691, 462.639, 462.626, 462.653, 462.678, 462.689, 462.702, 462.667, 462.703, 462.623, 462.637, 462.612, 462.657, 462.594, 462.561, 462.607, 462.599, 462.548, 462.586, 462.584, 462.568, 459.799, 462.542, 462.542, 462.54, 462.545, 459.8, 459.779, 462.637, 462.592, 462.599, 462.585, 462.581, 462.561, 462.539, 462.537, 462.536, 462.543, 459.791, 462.547, 462.625, 462.583, 462.561, 462.544, 462.575, 462.646, 462.668, 462.641, 462.594, 462.62, 462.625, 462.572, 462.632, 465.517, 462.566, 462.638, 462.647, 468.45, 462.604, 465.543, 465.541, 471.432, 471.459, 477.252, 480.167, 480.234, 474.382, 471.387, 459.638, 456.778, 456.738, 453.709, 459.586, 468.435, 477.269, 477.203, 477.265, 477.303, 480.107, 480.171, 480.225, 480.219, 480.148, 480.205, 480.181, 480.179, 480.177, 480.193, 480.197, 480.239, 480.238, 480.294, 489.092, 456.723, 477.275, 527.382, 547.895, 480.265, 480.291, 480.323, 480.272, 480.241, 480.248, 480.266, 480.32, 480.307, 480.283, 748.044, 748.11, 503.767, 512.621, 533.287, 556.76, 589.089, 621.516, 648.128, 712.677, 739.219, 786.385, 833.268, 877.568, 912.917, 954.207, 995.357, 1021.81, 1042.41, 1048.3, 1048.39, 1051.24, 1051.33, 1060.09, 1060.11, 1062.99, 1063.05, 830.443, 857.023, 886.374, 910.025, 982.0925, 1054.16, 1051.26, 1045.46, 1062.97, 1057.16, 1060.02, 1062.96, 1062.98, 1062.96, 1062.96, 1062.98, 1062.96, 1062.97, 1062.97, 1063.03, 1065.95, 1068.78, 1068.91, 1071.88, 1080.71, 1092.38, 1098.31, 1113.01, 1118.99, 1136.55, 1142.41, 1154.3, 1163.12, 1169.01, 1183.64, 1186.57, 1189.7, 1204.29, 1210.1, 1210.2, 1210.27, 1213.24, 1216.09, 1216.07, 1219.03, 1221.91, 1221.92, 1221.93, 1221.9, 1221.94, 1218.99, 1221.96, 1219.04, 1216.09, 1216.15, 1213.25, 1213.23, 1213.16], "xr": [333.054, 333.077, 333.06, 333.056, 333.04, 333.043, 330.164, 330.165, 330.156, 330.146, 330.147, 330.157, 330.163, 330.149, 330.133, 330.157, 330.169, 330.149, 330.123, 330.129, 330.162, 330.132, 330.154, 330.16, 330.174, 330.131, 330.122, 327.241, 327.25, 330.131, 330.109, 330.116, 327.225, 327.205, 327.184, 327.183, 327.17, 327.209, 327.184, 327.157, 324.339, 324.326, 324.312, 324.322, 327.159, 324.322, 327.183, 327.185, 327.221, 327.237, 327.192, 327.25, 327.228, 330.122, 333.077, 333.101, 333.056, 333.126, 333.113, 333.121, 335.951, 335.953, 335.937, 335.957, 333.122, 333.077, 330.163, 333.029, 330.151, 330.153, 330.187, 333.059, 333.066, 333.049, 330.155, 330.154, 330.137, 330.179, 330.156, 330.147, 330.192, 333.061, 333.04, 333.05, 333.021, 333.036, 333.069, 333.021, 330.128, 324.321, 315.323, 318.401, 321.275, 327.233, 327.194, 327.192, 327.253, 327.23, 327.17, 330.101, 330.093, 324.283, 324.261, 324.311, 333.098, 338.872, 341.946, 341.968, 341.998, 359.555, 380.159, 397.81, 418.463, 456.67, 480.105, 483.138, 500.814, 594.938, 639.149, 668.719, 695.24, 718.567, 733.335, 742.105, 742.304, 745.146, 751.055, 483.227, 489.083, 753.962, 756.869, 753.981, 753.935, 751.073, 753.936, 754.004, 751.041, 750.977, 751.018, 754.002, 756.83, 756.84, 756.847, 753.963, 756.898, 756.855, 759.739, 756.961, 756.929, 762.659, 765.651, 771.671, 786.26, 806.9, 1065.88, 1060.12, 1062.94, 1063.01, 1060.1, 989.441, 1024.82, 1062.98, 1095.47, 1148.34, 1186.68, 1227.83, 1260.11, 1283.73, 1304.37, 1316.16, 1324.92, 1327.88, 1327.99, 1330.73, 1330.75, 1330.81, 1330.82, 1330.88, 1330.87, 1330.92, 1330.95, 1330.95, 1330.97, 1330.94, 1330.93, 1330.92, 1330.96, 1330.93, 1330.89, 1330.86, 1330.85, 1330.85, 1330.85, 1330.88, 1330.84, 1330.84, 1330.83, 1330.83, 1330.85, 1330.86, 1330.85, 1330.84, 1330.82, 1330.82, 1330.84, 1330.82, 1330.85, 1330.84, 1330.88, 1330.84, 1330.86, 1330.85],