{"l": [0.461212, 0.465952, 0.4371, 0.430112, 0.472594, 0.468064, 0.520533, 0.458105, 0.51137, 0.483712, 0.572334, 0.615871, 0.548844, 0.498916, 0.621236, 0.592544, 0.59565, 0.621899, 0.656047, 0.684897, 0.733413, 0.720387, 0.67474, 0.715736, 0.714881, 0.728091, 0.718672, 0.717092, 0.712284, 0.709295, 0.692729, 0.522496, 0.483878, 0.560286, 0.264903, 0.224427, 0.164708, 0.348061, 0.666872, 0.691824, 0.708266, 0.678435, 0.601939, 0.714522, 0.464148, 0.486757, 0.586631, 0.473489, 0.413432, 0.453457, 0.512738, 0.477228, 0.307911, 0.302264, 0.61129, 0.694862, 0.61011, 0.718772, 0.62056, 0.645882, 0.701121, 0.767004, 0.647047, 0.684955, 0.610332, 0.270781, 0.523376, 0.551359, 0.517028, 0.475326, 0, 0.722946, 0.759854, 0.783222, 0.772397, 0.773737, 0.760052, 0.697509, 0.662798, 0.672174, 0.65407, 0.59482, 0.618978, 0.503798, 0.616207, 0.530787, 0.556085, 0.178341, 0.286713, 0.538715, 0.624852, 0.684557, 0.616163, 0.63706, 0.659632, 0.660179, 0.663789, 0.693103, 0.694719, 0.691252, 0.694966, 0.654298, 0.635147, 0.644865, 0.642677, 0.65316, 0.657888, 0.665836, 0.64795], "r": [0.644712, 0.652237, 0.735321, 0.728997, 0.733024, 0.737331, 0.731503, 0.733103, 0.755134, 0.752707, 0.757893, 0.709534, 0.703669, 0.787989, 0.79001, 0.808803, 0.798311, 0.802819, 0.800563, 0.798379, 0.809337, 0.807767, 0.807211, 0.785362, 0.780421, 0.766483, 0.669257, 0.68284, 0.612392, 0.564635, 0.501416, 0.665453, 0.647902, 0.749733, 0.640519, 0.546188, 0.586206, 0.458, 0.752234, 0.740485, 0.753166, 0.769823, 0.740152, 0.767289, 0.293753, 0.24302, 0.786158, 0.777031, 0.78898, 0.794777, 0.772322, 0.803266, 0.788394, 0.771157, 0.78047, 0.774796, 0.780468, 0.662443, 0.782884, 0.75885, 0.737736, 0.798514, 0.745892, 0.785163, 0.770004, 0.63445, 0.783148, 0.735024, 0.591967, 0.305276, 0.606378, 0.726414, 0.775325, 0.693809, 0.710079, 0.739576, 0.781368, 0.751139, 0.786541, 0.779827, 0.751775, 0.757752, 0.774758, 0.788983, 0.817121, 0.791691, 0.78565, 0.739288, 0.725037, 0.753181, 0.760435, 0.787595, 0.790037, 0.79598, 0.784541, 0.794123, 0.765633, 0.780731, 0.79416, 0.781524, 0.772654, 0.799576, 0.788006, 0.771548, 0.768963, 0.774175, 0.748602, 0.729418, 0.715302], "xl": [377.19, 371.392, 371.364, 371.39, 371.302, 365.518, 368.372, 368.419, 385.971, 391.935, 403.735, 406.579, 391.929, 371.337, 365.422, 356.618, 342.035, 341.937, 338.909, 335.985, 335.992, 338.887, 338.91, 338.896, 338.866, 338.841, 336.054, 335.984, 335.977, 335.988, 336.04, 212.433, 224.236, 244.707, 291.894, 315.478, 330.098, 335.996, 336.04, 336.067, 336.045, 336.021, 577.419, 336.051, 577.51, 577.414, 359.625, 383.116, 388.975, 433.212, 474.303, 527.268, 595.004, 624.559, 665.607, 706.833, 754.006, 583.208, 827.513, 842.251, 853.987, 856.848, 600.855, 621.579, 645.172, 845.151, 715.746, 759.874, 806.887, 842.274, 849.5464999999999, 856.819, 856.818, 856.852, 856.867, 856.892, 856.928, 857, 860.008, 874.595, 886.503, 907.054, 930.573, 957.119, 1001.18, 1033.61, 1068.98, 1098.34, 1142.56, 1174.88, 1201.34, 1213.16, 1216.12, 1219.02, 1219.03, 1221.91, 1224.86, 1224.87, 1224.84, 1224.86, 1224.9, 1224.93, 1224.94, 1221.99, 1221.98, 1224.9, 1224.85, 1224.88, 1222], "xr": [268.386, 271.32, 271.295, 271.284, 271.272, 271.313, 271.366, 271.245, 271.308, 271.336, 271.315, 271.334, 271.341, 271.406, 271.383, 271.301, 271.427, 271.415, 271.387, 271.367, 271.335, 271.344, 271.265, 271.192, 271.226, 268.395, 250.748, 247.662, 241.871, 227.131, 221.282, 338.883, 336.034, 336.007, 335.927, 321.248, 338.92, 347.852, 453.7, 491.982, 530.366, 556.847, 336.05, 583.21, 580.371, 580.321, 583.284, 583.245, 580.378, 580.396, 583.292, 580.34, 580.301, 580.326, 580.321, 580.349, 580.384, 792.311, 583.213, 580.383, 583.302, 595.062, 856.922, 856.928, 856.928, 856.928, 856.939, 854.067, 854.036, 853.964, 901.065, 951.272, 995.351, 1033.55, 1065.98, 1089.49, 1095.36, 1095.33, 1095.44, 1095.38, 1095.41, 1095.34, 1095.33, 1095.35, 1095.3, 1092.42, 1092.4, 1092.38, 1092.44, 1092.49, 1092.53, 1092.55, 1092.55, 1095.29, 1092.56, 1095.33, 1095.4, 1095.52, 1098.3, 1098.39, 1104.25, 1110.09, 1113.08, 1113.1, 1115.93, 1118.82, 1118.97, 1121.88, 1127.74], "yl": [927.649, 927.601, 930.502, 930.47, 927.613, 930.653, 930.617, 930.654, 921.756, 924.725, 912.899, 909.94, 910.043, 906.998, 907.144, 915.837, 927.645, 930.606, 936.467, 948.183, 954.044, 959.959, 962.923, 959.972, 957.112, 957.122, 957.109, 957.135, 959.974, 962.901, 962.957, 924.617, 889.36, 889.428, 889.348, 948.203, 951.095, 960.041, 962.93, 965.839, 962.929, 959.992, 977.648, 954.216, 980.589, 977.731, 930.59, 906.992, 904.135, 877.629, 880.527, 874.648, 857.028, 889.411, 924.644, 942.316, 954.148, 974.749, 962.909, 971.708, 974.75, 977.552, 942.338, 924.605, 909.995, 974.823, 886.467, 892.339, 907.082, 971.811, 971.7815, 971.752, 971.767, 971.741, 971.676, 968.852, 968.76, 954.249, 951.084, 930.477, 907.052, 898.167, 883.542, 880.512, 880.58, 880.623, 901.082, 942.284, 951.12, 945.321, 951.201, 954.176, 960, 962.993, 968.788, 968.766, 971.684, 974.582, 971.819, 971.78, 971.757, 968.855, 965.873, 962.938, 965.838, 965.873, 962.913, 960.063, 965.914], "yr": [924.712, 924.733, 927.665, 927.705, 930.489, 927.721, 927.593, 927.641, 927.634, 930.525, 930.557, 933.499, 939.397, 933.502, 930.651, 930.534, 927.556, 927.659, 927.596, 927.635, 927.637, 927.603, 927.522, 924.674, 921.722, 921.747, 924.621, 924.596, 915.839, 927.629, 924.697, 962.972, 965.888, 960, 957.044, 948.246, 951.231, 960.038, 965.887, 974.681, 974.578, 974.683, 957.093, 977.673, 977.724, 977.735, 977.673, 977.665, 974.783, 974.759, 974.77, 974.839, 974.837, 974.735, 974.714, 974.648, 974.734, 957.03, 974.681, 971.714, 963.007, 954.147, 974.773, 977.604, 977.554, 977.593, 974.737, 974.623, 965.883, 951.239, 971.697, 957.099, 962.992, 968.849, 968.869, 971.689, 974.651, 974.666, 974.625, 974.611, 974.593, 974.581, 971.831, 971.795, 971.729, 968.822, 968.788, 965.932, 971.694, 965.915, 968.778, 965.901, 965.911, 965.875, 962.975, 962.955, 957.1, 954.169, 951.191, 945.326, 936.498, 930.562, 927.502, 915.819, 910.065, 907.083, 904.121, 903.999, 904.187]}