{"l": [0.704528, 0.709237, 0.691407, 0.699694, 0.689942, 0.68576, 0.702293, 0.696221, 0.679122, 0.678518, 0.678812, 0.679587, 0.668014, 0.675367, 0.676252, 0.662633, 0.681243, 0.680811, 0.670695, 0.686923, 0.673993, 0.671005, 0.663628, 0.669423, 0.655393, 0.668024, 0.671474, 0.680258, 0.652784, 0.682571, 0.683797, 0.693738, 0.683732, 0.670203, 0.664153, 0.667884, 0.67618, 0.677137, 0.686924, 0.683233, 0.66823, 0.673185, 0.675333, 0.682281, 0.68423, 0.669447, 0.665964, 0.666386, 0.666444, 0.670718, 0.669923, 0.688966, 0.682836, 0.679849, 0.671807, 0.674976, 0.669982, 0.649567, 0.642891, 0.664023, 0.704165, 0.663293, 0.661734, 0.6869, 0.698658, 0.704266, 0.696201, 0.714574, 0.745552, 0.718225, 0.654993, 0.64186, 0.667935, 0.653796, 0.709216, 0.692998, 0.691728, 0.719585, 0.704967, 0.665486, 0.721399, 0.699786, 0.688607, 0.737515, 0.735315, 0.729559, 0.711813, 0.714898, 0.716778, 0.73625, 0.717473, 0.71078, 0.700352, 0.673702, 0.498087, 0.46222, 0.172881, 0.150234, 0.127736, 0.612333, 0.246281, 0.677785, 0.582644, 0.286847, 0.400029, 0.41422, 0.135764, 0.345719, 0.729109, 0.733068, 0.751946, 0.791508, 0.696089, 0.695656, 0.673337, 0.6435, 0.426928, 0.139663, 0.543726, 0.613668, 0.712547, 0.652323, 0.678046, 0.676069, 0.670796, 0.820398, 0.812163, 0.778126, 0.777259, 0.767597, 0.773465, 0.770955, 0.741505, 0.753891, 0.73544, 0.695796, 0.605638, 0.17679, 0, 0.242999, 0.167665, 0.268556, 0.633262, 0.750457, 0.729403, 0.539405, 0.751159, 0.75718, 0.73984, 0.730775, 0.708646, 0.71878, 0.70466, 0.723565, 0.743045, 0.725726, 0.689114, 0.7139, 0.753181, 0.808312, 0.702961, 0.747853, 0.800581, 0.731507, 0.718901, 0.715319, 0.542876, 0.499198, 0.578216, 0.64851, 0.510205, 0.357563, 0.217233, 0.200467, 0.169178, 0.166046, 0.179509, 0.181732, 0.226029, 0.242638, 0.202523, 0.183896, 0.200013, 0.249069, 0.259082, 0.253183, 0.258103, 0.238192, 0.259589, 0.260036, 0.241441, 0.241281, 0.249371, 0.266564, 0.227027], "r": [0.646386, 0.689266, 0.685474, 0.711603, 0.710018, 0.702276, 0.688476, 0.70355, 0.710281, 0.718735, 0.700101, 0.706572, 0.706705, 0.702781, 0.696583, 0.683047, 0.698809, 0.709971, 0.705843, 0.709944, 0.697466, 0.708121, 0.714743, 0.723164, 0.737578, 0.706163, 0.683001, 0.707941, 0.713191, 0.719822, 0.738807, 0.740509, 0.740694, 0.736004, 0.745484, 0.750679, 0.739581, 0.753824, 0.720664, 0.73905, 0.744666, 0.733007, 0.716118, 0.709118, 0.692511, 0.708487, 0.700936, 0.696687, 0.697092, 0.730718, 0.733255, 0.737732, 0.742567, 0.736349, 0.669307, 0.658131, 0.678772, 0.693874, 0.672544, 0.658215, 0.689774, 0.671772, 0.691495, 0.683742, 0.675072, 0.688426, 0.690836, 0.690258, 0.695485, 0.696601, 0.694955, 0.684971, 0.657334, 0.647409, 0.609067, 0.597957, 0.633997, 0.629631, 0.609468, 0.622377, 0.618731, 0.60193, 0.631951, 0.61342, 0.603416, 0.602597, 0.564216, 0.573158, 0.545609, 0.39742, 0.47584, 0.400364, 0.530724, 0.519199, 0.533343, 0.651921, 0.568554, 0.625178, 0.694674, 0.481188, 0.321138, 0.748839, 0.72646, 0.461785, 0.441574, 0.281744, 0.570803, 0.292745, 0.651246, 0.649995, 0.648739, 0.631832, 0.646366, 0.662546, 0.69208, 0.664867, 0.70947, 0.767225, 0.761638, 0.738124, 0.737248, 0.755287, 0.753015, 0.722034, 0.732738, 0.737092, 0.740915, 0.798009, 0.821452, 0.772475, 0.829083, 0.823075, 0.785302, 0.737546, 0.643702, 0.75075, 0.700699, 0.647269, 0.757421, 0.486744, 0.634867, 0.681952, 0.592004, 0.584458, 0.740155, 0.607169, 0.709151, 0.8129, 0.781596, 0.779438, 0.8101, 0.752546, 0.715819, 0.705831, 0.707636, 0.703521, 0.722919, 0.754118, 0.784927, 0.777167, 0.804562, 0.805296, 0.794027, 0.795211, 0.7914, 0.805094, 0.782491, 0.792115, 0.800634, 0.825303, 0.826982, 0.809925, 0.811658, 0.82477, 0.81333, 0.819684, 0.841234, 0.841205, 0.848117, 0.854599, 0.876851, 0.875763, 0.887539, 0.881205, 0.885083, 0.871862, 0.876923, 0.866949, 0.869712, 0.888593, 0.87972, 0.876665, 0.887052, 0.879767, 0.871524], "xl": [453.682, 453.678, 453.667, 453.684, 453.675, 453.696, 453.737, 453.755, 453.76, 453.756, 453.683, 453.667, 450.864, 453.69, 453.689, 450.851, 453.69, 453.715, 453.662, 453.718, 453.711, 453.697, 453.674, 453.672, 453.682, 450.826, 450.8, 450.851, 450.807, 453.694, 453.676, 453.709, 453.761, 453.661, 450.797, 450.78, 447.899, 453.662, 453.69, 453.681, 450.813, 450.845, 453.666, 450.835, 450.798, 450.851, 453.674, 453.676, 453.663, 453.673, 453.689, 450.79, 450.805, 447.9, 447.886, 450.807, 453.698, 453.699, 453.733, 453.776, 456.567, 453.726, 453.71, 453.766, 456.576, 456.547, 456.558, 456.568, 456.59, 453.788, 444.946, 439.03, 433.07, 424.334, 424.282, 421.356, 421.385, 433.029, 435.987, 444.966, 456.562, 456.822, 459.552, 456.694, 456.711, 456.773, 456.759, 456.764, 456.765, 456.704, 456.588, 456.61, 456.628, 456.68, 456.604, 465.472, 477.33, 456.691, 503.808, 456.78, 571.518, 456.669, 456.571, 665.571, 668.621, 668.703, 668.541, 671.569, 459.618, 468.441, 483.212, 503.858, 527.297, 550.974, 583.219, 621.616, 648.09, 703.92, 739.327, 783.379, 830.472, 865.766, 904.045, 930.661, 957.124, 974.749, 977.567, 977.604, 980.58, 983.543, 983.606, 986.502, 986.506, 986.458, 983.599, 783.431, 980.67, 977.584, 980.5509999999999, 983.518, 930.632, 971.76, 977.693, 983.549, 980.631, 977.699, 983.507, 983.544, 980.689, 983.494, 983.549, 983.554, 986.426, 986.475, 989.401, 992.354, 995.208, 998.349, 1015.86, 1027.74, 1048.22, 1068.87, 1092.33, 1113.05, 1133.68, 1157.16, 1186.57, 1207.18, 1233.69, 1242.56, 1260.09, 1266.13, 1286.73, 1292.59, 1298.48, 1304.32, 1304.36, 1304.37, 1307.31, 1307.35, 1307.27, 1316.12, 1322.01, 1324.98, 1324.99, 1324.99, 1327.71, 1327.73, 1327.71, 1327.71, 1327.77, 1327.72, 1325, 1327.82, 1324.99], "xr": [312.479, 312.476, 312.488, 312.499, 312.518, 312.484, 312.458, 312.457, 312.496, 312.494, 312.486, 312.489, 312.5, 312.451, 312.505, 312.441, 312.488, 312.528, 312.527, 312.519, 312.495, 312.535, 312.524, 312.484, 312.501, 312.501, 312.454, 312.474, 312.517, 312.53, 315.292, 315.303, 315.3, 315.328, 315.386, 315.38, 315.339, 315.445, 315.428, 315.441, 315.443, 315.432, 315.404, 315.401, 315.399, 315.455, 315.466, 315.438, 315.441, 315.5, 318.283, 318.294, 318.317, 315.492, 315.409, 315.387, 315.425, 315.374, 315.322, 312.521, 315.384, 315.343, 315.39, 315.458, 315.482, 315.519, 315.514, 318.266, 318.259, 315.486, 315.427, 315.354, 312.417, 306.611, 306.594, 303.61, 312.437, 309.565, 312.405, 312.399, 312.44, 309.573, 312.428, 312.381, 309.503, 300.763, 300.758, 303.616, 306.557, 306.637, 315.295, 309.543, 315.432, 338.93, 362.52, 388.972, 424.352, 453.658, 456.764, 527.336, 571.432, 618.619, 645.154, 668.486, 668.691, 671.508, 671.555, 674.507, 674.521, 674.513, 671.704, 671.641, 671.651, 671.576, 671.619, 671.565, 671.579, 671.592, 671.643, 671.664, 671.691, 674.487, 674.52, 674.583, 674.6, 677.414, 677.432, 674.503, 674.504, 680.406, 692.132, 695.215, 712.673, 736.232, 756.908, 983.506, 809.939, 983.539, 986.444, 904.167, 939.433, 977.591, 1012.94, 1057.15, 1107.18, 1139.52, 1174.88, 1207.24, 1230.78, 1251.31, 1260.17, 1271.93, 1272.01, 1277.8, 1280.73, 1280.87, 1280.86, 1280.79, 1280.84, 1280.82, 1280.77, 1280.73, 1280.77, 1280.79, 1280.76, 1280.78, 1280.78, 1280.74, 1277.9, 1280.73, 1280.66, 1277.78, 1277.88, 1280.66, 1280.67, 1280.72, 1280.78, 1280.78, 1280.77, 1280.77, 1280.83, 1280.83, 1280.84, 1280.83, 1280.87, 1280.86, 1280.85, 1280.87, 1280.8, 1280.82, 1280.85, 1280.81, 1280.82, 1280.81, 1280.78],