{"max_evklidovo": [57, 73, 84, 94, 110, 131, 155, 172, 197, 223], "max_evklidovo_value": [126.5550667693712, 130.08773822309308, 126.54518777496047, 126.61102786487439, 132.95267823176783, 134.3561814357642, 202.3835094912626, 270.8185595892571, 236.26929138591, 1535.9681650789512]}