{"max_evklidovo": [50, 58, 73, 79, 93, 105, 127, 145, 165, 189, 211], "max_evklidovo_value": [150.10200408055854, 150.15272673181798, 149.90100560703388, 150.08488659422034, 153.12840010918936, 156.67955279805975, 134.17943759384295, 163.34646421946204, 271.27139969595027, 239.81402805090454, 179.58000062646167]}