{"max_evklidovo": [65, 87, 100, 119, 131, 138, 152, 161, 171, 184, 197, 205], "max_evklidovo_value": [121.86346774977314, 142.1291847053236, 243.99494094140556, 1316.6382664593189, 1338.8368963025332, 1510.7062339396102, 1508.4525035943293, 126.61000101097872, 123.0303997758277, 101.24065225491185, 71.87861612468619, 71.9127378424713]}