{"max_evklidovo": [55, 70, 87, 104, 122], "max_evklidovo_value": [130.6149747349055, 260.2669868135411, 283.66542286292133, 259.6569772469055, 64.33666531613207]}