{"max_evklidovo": [52, 65, 72, 88, 106, 127, 141, 148, 172], "max_evklidovo_value": [139.79131911531564, 116.06845866556512, 122.36364452319982, 193.3466421223808, 295.1714322287981, 239.53346480606854, 138.7916719403581, 129.87997598167308, 38.62346519928018]}