{"max_evklidovo": [64, 79, 98, 122, 143, 167], "max_evklidovo_value": [112.76592625877731, 124.77607543114988, 161.78766845467555, 240.994992912716, 291.4437799456356, 286.2056093405578]}