{"max_evklidovo": [50, 68, 87, 107, 133, 141, 157, 164], "max_evklidovo_value": [135.45809216506777, 277.81690981651934, 279.92240622179565, 276.76220255844186, 58.1835799517356, 60.298262669831566, 48.58520207841064, 48.50951804543099]}