{"max_evklidovo": [58, 71, 87, 105, 126, 151], "max_evklidovo_value": [144.29301238798777, 219.1189008027377, 252.9855189729246, 256.0586971770341, 186.22260181030668, 141.95169754532705]}