{"max_evklidovo": [59, 64, 86, 102, 108, 128, 138, 154, 186], "max_evklidovo_value": [141.2868749247431, 141.36345005693659, 157.34765891172327, 188.95375214586238, 219.39266181438242, 306.0883896720031, 1386.8614893838533, 292.8129396133307, 60.51622467570174]}