{"max_evklidovo": [60, 70, 77, 97], "max_evklidovo_value": [270.93960078585775, 1325.1842113585567, 239.2029322332817, 130.95080400287728]}