{"max_evklidovo": [59, 78, 95], "max_evklidovo_value": [274.4810831551056, 268.94227165137124, 268.1910569892292]}