{"max_evklidovo": [50, 83, 92, 100, 113, 126, 141, 166, 176, 191, 214, 220, 231], "max_evklidovo_value": [173.6515796184993, 121.52293928719794, 123.93167984014417, 125.91635662216403, 101.99726362015801, 110.59606973125217, 272.0607489458926, 303.72493516667345, 1266.1054310546178, 287.0572868697117, 112.18916970902308, 112.4847612834733, 112.02922732929999]}