{"max_evklidovo": [61, 77, 96, 120, 142, 159, 170, 176], "max_evklidovo_value": [142.32943147852447, 251.25939823218553, 274.24137222891807, 284.00974000375396, 33.54730755217168, 62.23388228288514, 60.32102731220695, 60.26772121957165]}