{"max_evklidovo": [54, 69, 86], "max_evklidovo_value": [257.7582129205586, 285.9774726599981, 283.7671486130839]}