{"max_evklidovo": [69, 85, 103, 126, 150, 158, 173], "max_evklidovo_value": [132.99508144664597, 147.9381614188847, 157.6720196483828, 273.0701569066088, 295.90595111453905, 1440.1721392337097, 268.10346549233566]}