{"max_evklidovo": [56, 75, 92, 113, 140], "max_evklidovo_value": [114.93699676779448, 261.36623043729264, 250.64244357450715, 283.60597847718225, 71.10615853074906]}