{"max_evklidovo": [54, 60, 79, 87, 108, 131, 157, 183], "max_evklidovo_value": [138.40673741548852, 138.44934692875944, 147.0478086371912, 155.28386303798598, 249.6994928709307, 301.02566315349264, 287.6781909634444, 171.3732347275968]}