{"max_evklidovo": [60, 83, 108, 130, 157], "max_evklidovo_value": [126.51201881639547, 150.1281334460666, 255.94558010639682, 297.4960324592583, 286.7467924563413]}