{"max_evklidovo": [58, 67, 94, 113, 133, 160, 185], "max_evklidovo_value": [132.63811340636602, 133.0439176099381, 126.4242824776949, 219.3643011658916, 276.79251266065705, 239.57454903641164, 182.4000492214847]}