{"max_evklidovo": [63, 74, 79, 94, 114, 131, 146, 159, 172], "max_evklidovo_value": [126.59739956255024, 219.33806575694967, 197.67162943882457, 268.84414018720963, 233.95952452721383, 112.00487062623674, 111.5569341457535, 96.01204874389464, 88.36676529668851]}